Market,N_obs,Alpha,Beta,SE_Beta,t_Beta,p_Beta,R_squared,Adj_R_squared,Correlation,CI_Beta_Lower,CI_Beta_Upper,RMSE,Beta2_Quad,t_Beta2,p_Beta2,R2_Quad,R2_Improvement
Fed,3281,-0.00012220647058383555,1.7096063281704968e-07,7.49632879570556e-09,22.805914398390357,0.0,0.13693910084448957,0.13667581197958556,0.3700528352066538,1.5626267133813984e-07,1.8565859429595952e-07,0.0054186744032289295,3.362920285175536e-13,10.510027463114737,0.0,0.1650823918074608,0.028143290962971218
NYC,2748,-5.080919540351007e-06,1.8603915264573403e-08,9.683883084681104e-10,19.211214243181914,0.0,0.11851713785813738,0.11819601477538977,0.3442631810957097,1.6705071797989646e-08,2.050275873115716e-08,0.0017287272855549928,-4.1215103288544435e-14,-24.549788004703345,0.0,0.277259781370873,0.1587426435127356
