Market,R2_OFI,R2_TI,R2_Both,Corr_OFI_TI,R2_Improvement
Fed,0.13693910084448957,0.0018974773886811706,0.13858606332468196,-0.008049046871518308,0.0016469624801923877
NYC,0.11851713785813738,0.00043814351493222245,0.11880349655734414,-0.011650650834464966,0.0002863586992067624
