Market,Variance_Total,Variance_Explained,Variance_Residual,Pct_Explained,Pct_Residual
Fed,3.402081164485426e-05,4.658779356646082e-06,2.9362032288208397e-05,13.693910084448957,86.30608991555168
NYC,3.390307578482877e-06,4.0180955066054306e-07,2.988498027822334e-06,11.851713785813738,88.14828621418626
