Market,N_obs,Alpha,Beta,SE_Beta,t_Beta,p_Beta,R_squared,Adj_R_squared,Correlation,CI_Beta_Lower,CI_Beta_Upper,RMSE,Beta2_Quad,t_Beta2,p_Beta2,R2_Quad,R2_Improvement
Fed,26840,-1.4647642415210443e-05,1.977178029716644e-07,4.501813523708115e-09,43.91958972321125,0.0,0.06705374321202531,0.06701898107413173,0.2589473753719299,1.8889401265700903e-07,2.0654159328631974e-07,0.0027912524674789476,1.4501797872144045e-13,4.008587608914755,6.124797152207151e-05,0.06761201471772209,0.0005582715056967752
NYC,101270,6.306158317645696e-08,1.4373188266969458e-08,1.974021208504202e-10,72.81172160181917,0.0,0.04974729612428594,0.049737912580581356,0.22304101892760927,1.3986282595298604e-08,1.4760093938640313e-08,0.00033976548416730164,-3.115609424775549e-14,-77.79903579544695,0.0,0.10334030419501401,0.053593008070728074
