Market,N_obs,Alpha,Beta,SE_Beta,t_Beta,p_Beta,R_squared,Adj_R_squared,Correlation,CI_Beta_Lower,CI_Beta_Upper,RMSE
Fed,3281,-0.00266067379814511,7.300391574129422e-06,2.973255653748607e-07,24.553527931327633,0.0,0.15534528163636993,0.1550876078357709,0.39413865788117014,6.717428923254464e-06,7.88335422500438e-06,0.5100341692015046
NYC,2748,-0.00098138815542288,1.31619835250042e-06,6.036350946044948e-08,21.80453661930973,0.0,0.1476314228599898,0.14732090607414638,0.38422834728841815,1.1978358582853055e-06,1.4345608467155345e-06,0.16999387185244194
