Statistic,Value
alpha,-0.00266067379814511
beta,7.300391574129422e-06
se_alpha,0.008908822083466139
se_beta,2.973255653748607e-07
t_alpha,-0.29865607071478595
t_beta,24.553527931327633
p_alpha,0.765221408998437
p_beta,0.0
ci_beta_lower,6.717428923254464e-06
ci_beta_upper,7.88335422500438e-06
r_squared,0.15534528163636993
adj_r_squared,0.1550876078357709
correlation,0.39413865788117014
n_obs,3280.0
sse,853.2423203100661
rmse,0.5100341692015046
