Market,N_obs,Corr_OFI_TI,R2_OFI_only,R2_TI_only,R2_Both,Beta_OFI_solo,Beta_TI_solo,Beta_OFI_joint,Beta_TI_joint,p_OFI_joint,p_TI_joint
Fed,26840,-0.007852087533933528,0.06705374321202531,0.0033557698047936985,0.07064944041429312,1.977178029716644e-07,0.0007523092289908338,1.9807732403507825e-07,0.0007787628994251174,0.0,0.0
