Market,N_obs,Corr_OFI_TI,R2_OFI_only,R2_TI_only,R2_Both,Beta_OFI_solo,Beta_TI_solo,Beta_OFI_joint,Beta_TI_joint,p_OFI_joint,p_TI_joint
NYC,2747,-0.011650650834464966,0.11851713785813738,0.00043814351493222245,0.11880349655734414,1.8603915264573403e-08,-9.639545988102721e-05,1.8593260382934496e-08,-7.793509213120667e-05,0.0,0.34509853401869117
