Statistic,Value
alpha,-0.00098138815542288
beta,1.31619835250042e-06
se_alpha,0.0032491129514837526
se_beta,6.036350946044948e-08
t_alpha,-0.30204802666977626
t_beta,21.80453661930973
p_alpha,0.7626383339539013
p_beta,0.0
ci_beta_lower,1.1978358582853055e-06
ci_beta_upper,1.4345608467155345e-06
r_squared,0.1476314228599898
adj_r_squared,0.14732090607414638
correlation,0.38422834728841815
n_obs,2747.0
sse,79.38257653590509
rmse,0.16999387185244194
