market,market_short,mean,std,skewness,kurtosis,n_obs,shapiro_stat,shapiro_p,jb_stat,jb_p,dw_stat
Fed Rate Decision (Dec 2025),Fed,-1.1375235908044637e-20,0.0027912524674789476,-32.62760031074679,3408.099785890172,26840,0.23152577877044678,0.0,12994365008.154932,0.0,2.291336108584028
NYC Mayoral Election 2025,NYC,-8.633362613728752e-21,0.00033976548416730164,9.186148479832804,1383.0996904718966,101270,0.2965444326400757,0.0,8073338475.943891,0.0,2.211213366645829
