level_config,time_window,outlier_method,q_exponent,r2,beta,p_value,n_obs,std_err
L2,90,Abs (100k),0.3,0.7791095413574869,0.0020610893660584916,1.1040360838088426e-102,309,6.263496684325357e-05
L2,90,Raw,0.3,0.7791095413574869,0.0020610893660584916,1.1040360838088426e-102,309,6.263496684325357e-05
L2,90,Abs (200k),0.3,0.7791095413574869,0.0020610893660584916,1.1040360838088426e-102,309,6.263496684325357e-05
L2,60,Abs (100k),0.3,0.7774152137991133,0.0021430989882110524,1.592714814372748e-151,460,5.358345499188715e-05
L2,60,Abs (200k),0.3,0.7774152137991133,0.0021430989882110524,1.592714814372748e-151,460,5.358345499188715e-05
L2,60,Raw,0.3,0.7774152137991133,0.0021430989882110524,1.592714814372748e-151,460,5.358345499188715e-05
L3,60,Raw,0.3,0.7771174364365662,0.0014084104858841596,2.1636258908489866e-151,460,3.524449005426872e-05
L3,60,Abs (200k),0.3,0.7771174364365662,0.0014084104858841596,2.1636258908489866e-151,460,3.524449005426872e-05
L3,60,Abs (100k),0.3,0.7771174364365662,0.0014084104858841596,2.1636258908489866e-151,460,3.524449005426872e-05
L2,90,Winsorized,0.3,0.7743532010834447,0.002185718583023621,2.914188988078238e-101,309,6.733953240066843e-05
L5,60,Abs (100k),0.3,0.7730094846963839,0.0008225717222924415,1.4212380333116564e-149,460,2.082823555540743e-05
L5,60,Abs (200k),0.3,0.7730094846963839,0.0008225717222924415,1.4212380333116564e-149,460,2.082823555540743e-05
L5,60,Raw,0.3,0.7730094846963839,0.0008225717222924415,1.4212380333116564e-149,460,2.082823555540743e-05
L3,90,Abs (100k),0.3,0.7726922120956875,0.0013599722558930555,8.992882039934589e-101,309,4.209831866047286e-05
L3,90,Abs (200k),0.3,0.7726922120956875,0.0013599722558930555,8.992882039934589e-101,309,4.209831866047286e-05
L3,90,Raw,0.3,0.7726922120956875,0.0013599722558930555,8.992882039934589e-101,309,4.209831866047286e-05
L50pct,60,Raw,0.3,0.7719168269425416,0.00015591172062129314,4.2712979096461e-149,460,3.960111321193173e-06
L50pct,60,Abs (100k),0.3,0.7719168269425416,0.00015591172062129314,4.2712979096461e-149,460,3.960111321193173e-06
L50pct,60,Abs (200k),0.3,0.7719168269425416,0.00015591172062129314,4.2712979096461e-149,460,3.960111321193173e-06
L50pct,90,Abs (100k),0.3,0.770416143071613,0.00015263033244762453,4.1565551582069094e-100,309,4.755318925082744e-06
L50pct,90,Abs (200k),0.3,0.770416143071613,0.00015263033244762453,4.1565551582069094e-100,309,4.755318925082744e-06
L50pct,90,Raw,0.3,0.770416143071613,0.00015263033244762453,4.1565551582069094e-100,309,4.755318925082744e-06
L20,60,Abs (100k),0.3,0.7701259568884375,0.00019098281718461614,2.5639113807148645e-148,460,4.875572769709482e-06
L20,60,Abs (200k),0.3,0.7701259568884375,0.00019098281718461614,2.5639113807148645e-148,460,4.875572769709482e-06
L20,60,Raw,0.3,0.7701259568884375,0.00019098281718461614,2.5639113807148645e-148,460,4.875572769709482e-06
L20,90,Raw,0.3,0.7680776969903004,0.00018655142525677,1.97227431134947e-99,309,5.850568437387372e-06
L20,90,Abs (100k),0.3,0.7680776969903004,0.00018655142525677,1.97227431134947e-99,309,5.850568437387372e-06
L20,90,Abs (200k),0.3,0.7680776969903004,0.00018655142525677,1.97227431134947e-99,309,5.850568437387372e-06
L10,60,Raw,0.3,0.7659628668611581,0.0003887808956195521,1.567078064843875e-146,460,1.0041780029233046e-05
L10,60,Abs (200k),0.3,0.7659628668611581,0.0003887808956195521,1.567078064843875e-146,460,1.0041780029233046e-05
L10,60,Abs (100k),0.3,0.7659628668611581,0.0003887808956195521,1.567078064843875e-146,460,1.0041780029233046e-05
L2,45,Abs (100k),0.3,0.764512961885821,0.0021512754441316336,1.1857981593897497e-194,615,4.822329259364213e-05
L2,45,Abs (200k),0.3,0.764512961885821,0.0021512754441316336,1.1857981593897497e-194,615,4.822329259364213e-05
L2,45,Raw,0.3,0.764512961885821,0.0021512754441316336,1.1857981593897497e-194,615,4.822329259364213e-05
L3,90,Winsorized,0.3,0.762974808657472,0.0014430876602840972,5.5883451120506486e-98,309,4.590560112674595e-05
L5,90,Abs (200k),0.3,0.7618285874969846,0.0008007023748150056,1.1727591763287272e-97,309,2.5551600713653913e-05
L5,90,Raw,0.3,0.7618285874969846,0.0008007023748150056,1.1727591763287272e-97,309,2.5551600713653913e-05
L5,90,Abs (100k),0.3,0.7618285874969846,0.0008007023748150056,1.1727591763287272e-97,309,2.5551600713653913e-05
L50pct,90,Winsorized,0.3,0.7612663504364446,0.0001633687553996103,1.6848163017052575e-97,309,5.2214162276710426e-06
L20,90,Winsorized,0.3,0.7590927558513129,0.00020085373103953335,6.782320611711767e-97,309,6.4578539990455875e-06
L10,90,Abs (200k),0.3,0.7582412970180747,0.00038024181823857517,1.1663300850881386e-96,309,1.2254004392201051e-05
L10,90,Abs (100k),0.3,0.7582412970180747,0.00038024181823857517,1.1663300850881386e-96,309,1.2254004392201051e-05
L10,90,Raw,0.3,0.7582412970180747,0.00038024181823857517,1.1663300850881386e-96,309,1.2254004392201051e-05
L3,45,Abs (100k),0.3,0.7565285553315655,0.001413150511227459,3.27126024105332e-190,615,3.237945513913116e-05
L3,45,Raw,0.3,0.7565285553315655,0.001413150511227459,3.27126024105332e-190,615,3.237945513913116e-05
L3,45,Abs (200k),0.3,0.7565285553315655,0.001413150511227459,3.27126024105332e-190,615,3.237945513913116e-05
L2,60,Winsorized,0.3,0.7535539898776998,0.0022444852359946852,2.17117633311089e-141,460,5.997741209635575e-05
L5,90,Winsorized,0.3,0.7518226671791844,0.0008492496025285435,6.538544776081857e-95,309,2.7847711642931998e-05
L10,90,Winsorized,0.3,0.7508435471265982,0.00040419457271386995,1.1974316465202363e-94,309,1.3288704169953284e-05
L2,20,Abs (200k),0.3,0.7490200874196286,0.0020927971499007944,0.0,1376,3.2681841410821674e-05
L2,20,Abs (100k),0.3,0.7490200874196286,0.0020927971499007944,0.0,1376,3.2681841410821674e-05
L2,20,Raw,0.3,0.7490200874196286,0.0020927971499007944,0.0,1376,3.2681841410821674e-05
L3,60,Winsorized,0.3,0.7485261675228391,0.0014816688743059551,2.2217821661974984e-139,460,4.012927608014106e-05
L3,20,Raw,0.3,0.7475228463173906,0.0013614492209697918,0.0,1376,2.134552736233068e-05
L3,20,Abs (200k),0.3,0.7475228463173906,0.0013614492209697918,0.0,1376,2.134552736233068e-05
L3,20,Abs (100k),0.3,0.7475228463173906,0.0013614492209697918,0.0,1376,2.134552736233068e-05
L5,45,Raw,0.3,0.746855172114586,0.0008263300651764378,5.055823775259272e-185,615,1.9430753842194592e-05
L5,45,Abs (200k),0.3,0.746855172114586,0.0008263300651764378,5.055823775259272e-185,615,1.9430753842194592e-05
L5,45,Abs (100k),0.3,0.746855172114586,0.0008263300651764378,5.055823775259272e-185,615,1.9430753842194592e-05
ALL,90,Raw,0.3,0.741047141827072,8.320971280354488e-05,4.487281796969548e-92,309,2.8073222739149345e-06
ALL,90,Abs (200k),0.3,0.741047141827072,8.320971280354488e-05,4.487281796969548e-92,309,2.8073222739149345e-06
ALL,90,Abs (100k),0.3,0.741047141827072,8.320971280354488e-05,4.487281796969548e-92,309,2.8073222739149345e-06
L5,20,Abs (100k),0.3,0.7408797995935028,0.0007908920323082835,0.0,1376,1.2618292562843277e-05
L5,20,Raw,0.3,0.7408797995935028,0.0007908920323082835,0.0,1376,1.2618292562843277e-05
L5,20,Abs (200k),0.3,0.7408797995935028,0.0007908920323082835,0.0,1376,1.2618292562843277e-05
ALL,90,Winsorized,0.3,0.7406758253080408,9.039266320320498e-05,5.5925979179769665e-92,309,3.052610624657429e-06
L2,45,Winsorized,0.3,0.7402964661993289,0.0022382601929655005,1.289871102427171e-181,615,5.3544692042034946e-05
L5,60,Winsorized,0.3,0.7390474945106632,0.0008650004673019824,1.0694936793862675e-135,460,2.4017520169517656e-05
L10,45,Abs (100k),0.3,0.7382514284620895,0.00039165458489665716,1.4296334391294912e-180,615,9.419177690815452e-06
L10,45,Abs (200k),0.3,0.7382514284620895,0.00039165458489665716,1.4296334391294912e-180,615,9.419177690815452e-06
L10,45,Raw,0.3,0.7382514284620895,0.00039165458489665716,1.4296334391294912e-180,615,9.419177690815452e-06
ALL,60,Raw,0.3,0.7353923345483095,8.428689619976781e-05,2.591946939276024e-134,460,2.3624845870382854e-06
ALL,60,Abs (100k),0.3,0.7353923345483095,8.428689619976781e-05,2.591946939276024e-134,460,2.3624845870382854e-06
ALL,60,Abs (200k),0.3,0.7353923345483095,8.428689619976781e-05,2.591946939276024e-134,460,2.3624845870382854e-06
L3,45,Winsorized,0.3,0.7351248210745487,0.0014704677498161968,5.4543779345752454e-179,615,3.565047781445329e-05
L20,45,Raw,0.3,0.7346171790126426,0.00019270386477261047,9.812113320457506e-179,615,4.67806283153839e-06
L20,45,Abs (200k),0.3,0.7346171790126426,0.00019270386477261047,9.812113320457506e-179,615,4.67806283153839e-06
L20,45,Abs (100k),0.3,0.7346171790126426,0.00019270386477261047,9.812113320457506e-179,615,4.67806283153839e-06
L10,30,Abs (100k),0.3,0.7315437018150727,0.00038999633525846816,2.1932513588589106e-264,920,7.797508310055024e-06
L10,30,Raw,0.3,0.7315437018150727,0.00038999633525846816,2.1932513588589106e-264,920,7.797508310055024e-06
L10,30,Abs (200k),0.3,0.7315437018150727,0.00038999633525846816,2.1932513588589106e-264,920,7.797508310055024e-06
L5,30,Raw,0.3,0.7311222805213826,0.0008258993166968978,4.507051592377837e-264,920,1.6530582777954867e-05
L5,30,Abs (200k),0.3,0.7311222805213826,0.0008258993166968978,4.507051592377837e-264,920,1.6530582777954867e-05
L5,30,Abs (100k),0.3,0.7311222805213826,0.0008258993166968978,4.507051592377837e-264,920,1.6530582777954867e-05
L2,30,Abs (100k),0.3,0.7308366052181237,0.002161985266165187,7.339378840139638e-264,920,4.3304122446060145e-05
L2,30,Abs (200k),0.3,0.7308366052181237,0.002161985266165187,7.339378840139638e-264,920,4.3304122446060145e-05
L2,30,Raw,0.3,0.7308366052181237,0.002161985266165187,7.339378840139638e-264,920,4.3304122446060145e-05
L10,20,Raw,0.3,0.7308326467422084,0.0003696171458509575,0.0,1376,6.051471122009677e-06
L10,20,Abs (100k),0.3,0.7308326467422084,0.0003696171458509575,0.0,1376,6.051471122009677e-06
L10,20,Abs (200k),0.3,0.7308326467422084,0.0003696171458509575,0.0,1376,6.051471122009677e-06
L3,30,Abs (100k),0.3,0.7307076783939788,0.0014140371536186505,9.144442896518123e-264,920,2.833215634897145e-05
L3,30,Abs (200k),0.3,0.7307076783939788,0.0014140371536186505,9.144442896518123e-264,920,2.833215634897145e-05
L3,30,Raw,0.3,0.7307076783939788,0.0014140371536186505,9.144442896518123e-264,920,2.833215634897145e-05
L10,60,Winsorized,0.3,0.7304565629674765,0.00040403348572080465,1.7910670490010617e-132,460,1.1468372866062261e-05
L20,20,Abs (100k),0.3,0.7294558370058688,0.00017970863874409,0.0,1376,2.9525357881294096e-06
L20,20,Raw,0.3,0.7294558370058688,0.00017970863874409,0.0,1376,2.9525357881294096e-06
L20,20,Abs (200k),0.3,0.7294558370058688,0.00017970863874409,0.0,1376,2.9525357881294096e-06
L50pct,45,Raw,0.3,0.7288174055943819,0.00015711280083451656,7.433719077898365e-176,615,3.870819063625262e-06
L50pct,45,Abs (200k),0.3,0.7288174055943819,0.00015711280083451656,7.433719077898365e-176,615,3.870819063625262e-06
L50pct,45,Abs (100k),0.3,0.7288174055943819,0.00015711280083451656,7.433719077898365e-176,615,3.870819063625262e-06
L20,30,Abs (100k),0.3,0.7286077746583718,0.00019056230418148411,3.2373188127083363e-262,920,3.838552239343779e-06
L20,30,Abs (200k),0.3,0.7286077746583718,0.00019056230418148411,3.2373188127083363e-262,920,3.838552239343779e-06
L20,30,Raw,0.3,0.7286077746583718,0.00019056230418148411,3.2373188127083363e-262,920,3.838552239343779e-06
L50pct,60,Winsorized,0.3,0.7275325654175532,0.00016280103325335275,2.1234164897833498e-131,460,4.655383900628045e-06
L50pct,30,Abs (100k),0.3,0.7273968096376863,0.00015561795699501647,2.5005573866077587e-261,920,3.144257749726223e-06
L50pct,30,Abs (200k),0.3,0.7273968096376863,0.00015561795699501647,2.5005573866077587e-261,920,3.144257749726223e-06
L50pct,30,Raw,0.3,0.7273968096376863,0.00015561795699501647,2.5005573866077587e-261,920,3.144257749726223e-06
L20,60,Winsorized,0.3,0.7272568973065929,0.0001995486886881511,2.6772432916586256e-131,460,5.710170856491113e-06
L50pct,60,Abs (200k),0.5,0.7263567380064627,2.056772369753367e-05,5.697050790223504e-131,460,5.898897978050905e-07
L50pct,60,Raw,0.5,0.7263567380064627,2.056772369753367e-05,5.697050790223504e-131,460,5.898897978050905e-07
L50pct,20,Raw,0.3,0.724784580495706,0.00014628081785811428,0.0,1376,2.431789181422789e-06
L50pct,20,Abs (200k),0.3,0.724784580495706,0.00014628081785811428,0.0,1376,2.431789181422789e-06
L50pct,20,Abs (100k),0.3,0.724784580495706,0.00014628081785811428,0.0,1376,2.431789181422789e-06
L50pct,90,Abs (200k),0.5,0.7237973104898717,1.9975500312385973e-05,9.039765574807669e-88,309,7.042614992877471e-07
L50pct,90,Raw,0.5,0.7237973104898717,1.9975500312385973e-05,9.039765574807669e-88,309,7.042614992877471e-07
L5,45,Winsorized,0.3,0.7232597698521481,0.0008625591747493087,3.743475860577998e-173,615,2.1550018939541123e-05
L20,60,Abs (200k),0.5,0.7193491681496426,2.5020059651797798e-05,1.8729373993225116e-128,460,7.302455108099231e-07
L20,60,Raw,0.5,0.7193491681496426,2.5020059651797798e-05,1.8729373993225116e-128,460,7.302455108099231e-07
L20,60,Abs (100k),0.5,0.7193491681496426,2.5020059651797798e-05,1.8729373993225116e-128,460,7.302455108099231e-07
L2,90,Pctl (1%-99%),0.3,0.7171181525329485,0.0019876555136002128,5.627792532581522e-84,301,7.219592837383802e-05
L20,90,Raw,0.5,0.7169884246196064,2.4247515160607173e-05,3.816389009985608e-86,309,8.694489334925264e-07
L20,90,Abs (200k),0.5,0.7169884246196064,2.4247515160607173e-05,3.816389009985608e-86,309,8.694489334925264e-07
L3,15,Raw,0.3,0.7158421459924533,0.001394558789705976,0.0,1835,2.0522336047741498e-05
L3,15,Abs (200k),0.3,0.7158421459924533,0.001394558789705976,0.0,1835,2.0522336047741498e-05
L3,15,Abs (100k),0.3,0.7158421459924533,0.001394558789705976,0.0,1835,2.0522336047741498e-05
L2,15,Abs (100k),0.3,0.7155342469807895,0.0021447525473188706,0.0,1835,3.1586080790832634e-05
L2,15,Abs (200k),0.3,0.7155342469807895,0.0021447525473188706,0.0,1835,3.1586080790832634e-05
L2,15,Raw,0.3,0.7155342469807895,0.0021447525473188706,0.0,1835,3.1586080790832634e-05
L50pct,90,Z-Score (3),0.3,0.7142616684901748,0.00015471830773949917,7.212001791177258e-84,303,5.640453705305114e-06
L10,15,Abs (100k),0.3,0.7137364719987876,0.0003807405061340483,0.0,1835,5.631990520955205e-06
L10,15,Raw,0.3,0.7137364719987876,0.0003807405061340483,0.0,1835,5.631990520955205e-06
L10,15,Abs (200k),0.3,0.7137364719987876,0.0003807405061340483,0.0,1835,5.631990520955205e-06
L10,45,Winsorized,0.3,0.7133444243619672,0.00040645396943808296,1.82835434018073e-168,615,1.0406667845464679e-05
L5,15,Raw,0.3,0.7123772249261516,0.0008084636139016435,0.0,1835,1.1998746252133021e-05
L5,15,Abs (200k),0.3,0.7123772249261516,0.0008084636139016435,0.0,1835,1.1998746252133021e-05
L5,15,Abs (100k),0.3,0.7123772249261516,0.0008084636139016435,0.0,1835,1.1998746252133021e-05
L20,90,Z-Score (3),0.3,0.7122708065264712,0.00018875306024377866,2.0534193457053214e-83,303,6.914808316887844e-06
L20,15,Raw,0.3,0.7115330762221768,0.0001846274765785132,0.0,1835,2.745778919044092e-06
L20,15,Abs (100k),0.3,0.7115330762221768,0.0001846274765785132,0.0,1835,2.745778919044092e-06
L20,15,Abs (200k),0.3,0.7115330762221768,0.0001846274765785132,0.0,1835,2.745778919044092e-06
L50pct,90,Pctl (1%-99%),0.3,0.7079636480171507,0.00015521551262121094,6.621577351238843e-82,301,5.765175170551296e-06
L50pct,15,Raw,0.3,0.7077180015305811,0.00014978006435300127,0.0,1835,2.248245294942908e-06
L50pct,15,Abs (200k),0.3,0.7077180015305811,0.00014978006435300127,0.0,1835,2.248245294942908e-06
L50pct,15,Abs (100k),0.3,0.7077180015305811,0.00014978006435300127,0.0,1835,2.248245294942908e-06
L50pct,90,Winsorized,0.5,0.7074608391112606,2.2047688697864973e-05,6.192022043431982e-84,309,8.091605180135781e-07
L20,90,Pctl (1%-99%),0.3,0.7069841835709844,0.00018966180918742132,1.0930864257546913e-81,301,7.061305114753642e-06
L20,45,Winsorized,0.3,0.7066193818333377,0.0002016429024321062,2.243247805599797e-165,615,5.247780237014328e-06
L50pct,45,Winsorized,0.3,0.7029468191148012,0.00016432274199223857,1.018493068686373e-163,615,4.314428782328218e-06
L20,90,Winsorized,0.5,0.7021068215346893,2.6746616887087353e-05,1.0058124577636568e-82,309,9.94324984542509e-07
L50pct,60,Abs (100k),0.5,0.700078275331863,2.0352861863181464e-05,1.3966175001361929e-121,459,6.231578164891747e-07
L3,90,Pctl (1%-99%),0.3,0.699524406157021,0.0013342533585009786,4.711921546201052e-80,301,5.057150470655231e-05
L2,10,Abs (200k),0.3,0.6989502512534257,0.002177632276623453,0.0,2747,2.7277801986562087e-05
L2,10,Raw,0.3,0.6989502512534257,0.002177632276623453,0.0,2747,2.7277801986562087e-05
L2,10,Abs (100k),0.3,0.6989502512534257,0.002177632276623453,0.0,2747,2.7277801986562087e-05
L2,90,Z-Score (3),0.3,0.6985886804888578,0.0019907365747779335,4.113601388008698e-80,302,7.549569285857735e-05
L50pct,90,Abs (100k),0.5,0.6983260353067078,2.0223452062195365e-05,1.2746076603050622e-81,308,7.598613855462729e-07
L10,60,Abs (100k),0.5,0.6978346619707887,5.1356628476719317e-05,4.21705861852969e-121,460,1.579100675268709e-06
L10,60,Raw,0.5,0.6978346619707887,5.1356628476719317e-05,4.21705861852969e-121,460,1.579100675268709e-06
L10,60,Abs (200k),0.5,0.6978346619707887,5.1356628476719317e-05,4.21705861852969e-121,460,1.579100675268709e-06
ALL,60,Winsorized,0.3,0.6977061842896761,8.78776366873965e-05,4.648651529156802e-121,460,2.702862637032929e-06
L10,90,Pctl (1%-99%),0.3,0.6973007714583341,0.00038099172074412845,1.421014860233539e-79,301,1.4516954922085515e-05
L2,60,Pctl (1%-99%),0.3,0.6967836756023194,0.0020005791526527543,3.6869599552359627e-118,450,6.235108821384637e-05
ALL,30,Abs (100k),0.3,0.6955396393871996,8.4639520953494e-05,2.7520148820655006e-239,920,1.8482311768445447e-06
ALL,30,Abs (200k),0.3,0.6955396393871996,8.4639520953494e-05,2.7520148820655006e-239,920,1.8482311768445447e-06
ALL,30,Raw,0.3,0.6955396393871996,8.4639520953494e-05,2.7520148820655006e-239,920,1.8482311768445447e-06
L2,90,Winsorized,0.5,0.6955352204387286,0.0003004023116695557,2.878613684030721e-81,309,1.134339485128217e-05
L3,10,Abs (200k),0.3,0.6939824477519553,0.0014023837349107996,0.0,2747,1.7774386395479844e-05
L3,10,Abs (100k),0.3,0.6939824477519553,0.0014023837349107996,0.0,2747,1.7774386395479844e-05
L3,10,Raw,0.3,0.6939824477519553,0.0014023837349107996,0.0,2747,1.7774386395479844e-05
L3,90,Z-Score (3),0.3,0.6937869841062538,0.0012898081007572937,2.4412459804770392e-79,303,4.939017920193616e-05
L3,90,Abs (200k),0.5,0.6937577205054684,0.00018398568416484235,7.043611606651722e-81,309,6.976594867249269e-06
L3,90,Abs (100k),0.5,0.6937577205054684,0.00018398568416484235,7.043611606651722e-81,309,6.976594867249269e-06
L3,90,Raw,0.5,0.6937577205054684,0.00018398568416484235,7.043611606651722e-81,309,6.976594867249269e-06
L3,60,Abs (100k),0.5,0.6936415293572601,0.0001939713457732789,9.929609827050157e-120,460,6.023546160039037e-06
L3,60,Abs (200k),0.5,0.6936415293572601,0.0001939713457732789,9.929609827050157e-120,460,6.023546160039037e-06
L3,60,Raw,0.5,0.6936415293572601,0.0001939713457732789,9.929609827050157e-120,460,6.023546160039037e-06
L5,60,Abs (200k),0.5,0.6936206473081069,0.00011220491854004926,1.0085963875412131e-119,460,3.484559596495035e-06
L5,60,Abs (100k),0.5,0.6936206473081069,0.00011220491854004926,1.0085963875412131e-119,460,3.484559596495035e-06
L5,60,Raw,0.5,0.6936206473081069,0.00011220491854004926,1.0085963875412131e-119,460,3.484559596495035e-06
ALL,45,Abs (100k),0.3,0.6929127936272539,8.45898206122827e-05,2.7108113230139903e-159,615,2.2744659442070345e-06
ALL,45,Raw,0.3,0.6929127936272539,8.45898206122827e-05,2.7108113230139903e-159,615,2.2744659442070345e-06
ALL,45,Abs (200k),0.3,0.6929127936272539,8.45898206122827e-05,2.7108113230139903e-159,615,2.2744659442070345e-06
L3,60,Pctl (1%-99%),0.3,0.6920176293730995,0.0013115435974833355,1.2172050560035065e-116,450,4.133786801366579e-05
L3,60,Z-Score (3),0.3,0.6911335529802952,0.0012995249210249655,7.133422835738682e-117,452,4.0952718195007104e-05
L20,90,Abs (100k),0.5,0.6902476920784192,2.43654139564239e-05,7.308324938086e-80,308,9.33077838963795e-07
L10,90,Abs (100k),0.5,0.6901889597371198,4.987620598626047e-05,4.1809713310567366e-80,309,1.9071667350228344e-06
L10,90,Abs (200k),0.5,0.6901889597371198,4.987620598626047e-05,4.1809713310567366e-80,309,1.9071667350228344e-06
L10,90,Raw,0.5,0.6901889597371198,4.987620598626047e-05,4.1809713310567366e-80,309,1.9071667350228344e-06
L20,60,Pctl (1%-99%),0.3,0.6901636588910409,0.000176959201078947,4.675177131202579e-116,450,5.601757133528214e-06
L20,45,Raw,0.5,0.6882499037749985,2.52691833719468e-05,2.7577956292946577e-157,615,6.868963175860997e-07
L20,45,Abs (200k),0.5,0.6882499037749985,2.52691833719468e-05,2.7577956292946577e-157,615,6.868963175860997e-07
L20,45,Abs (100k),0.5,0.6882499037749985,2.52691833719468e-05,2.7577956292946577e-157,615,6.868963175860997e-07
L10,30,Winsorized,0.3,0.6882193638150012,0.0004237785024574532,1.506878238888593e-234,920,9.41409782452381e-06
L50pct,60,Winsorized,0.5,0.687684823763859,2.1631258930845647e-05,8.202854930886257e-118,460,6.81162735632493e-07
L50pct,30,Winsorized,0.3,0.6875451046324108,0.00016859474733654534,4.063699546605675e-234,920,3.751161555257818e-06
ALL,20,Abs (100k),0.3,0.6875225243547994,7.873522961718712e-05,0.0,1376,1.4319954079249364e-06
ALL,20,Abs (200k),0.3,0.6875225243547994,7.873522961718712e-05,0.0,1376,1.4319954079249364e-06
ALL,20,Raw,0.3,0.6875225243547994,7.873522961718712e-05,0.0,1376,1.4319954079249364e-06
L2,60,Z-Score (3),0.3,0.6874772751430633,0.0019506432041100706,1.8089599124254023e-115,451,6.206779201345063e-05
L2,90,Abs (200k),0.5,0.6874306423814893,0.00027405188734556403,1.6331965580960153e-79,309,1.0546840207721637e-05
L2,90,Raw,0.5,0.6874306423814893,0.00027405188734556403,1.6331965580960153e-79,309,1.0546840207721637e-05
L2,90,Abs (100k),0.5,0.6874306423814893,0.00027405188734556403,1.6331965580960153e-79,309,1.0546840207721637e-05
L20,20,Abs (200k),0.5,0.687145633970872,2.367329406873778e-05,0.0,1376,4.309352704534174e-07
L20,20,Raw,0.5,0.687145633970872,2.367329406873778e-05,0.0,1376,4.309352704534174e-07
L20,20,Abs (100k),0.5,0.687145633970872,2.367329406873778e-05,0.0,1376,4.309352704534174e-07
L20,30,Winsorized,0.3,0.6867231517261104,0.00020699306701997433,1.3579526998402262e-233,920,4.614320590293409e-06
L3,90,Winsorized,0.5,0.6862696647490586,0.00019874035452733637,2.887715926493105e-79,309,7.669158759170206e-06
ALL,90,Raw,0.5,0.6862662258498999,1.0882874424775987e-05,2.892585932897571e-79,309,4.1996079992862996e-07
L50pct,45,Abs (100k),0.5,0.6858552728648767,2.0753680590370217e-05,2.88316511368414e-156,615,5.673009848763718e-07
L50pct,45,Raw,0.5,0.6858552728648767,2.0753680590370217e-05,2.88316511368414e-156,615,5.673009848763718e-07
L50pct,45,Abs (200k),0.5,0.6858552728648767,2.0753680590370217e-05,2.88316511368414e-156,615,5.673009848763718e-07
ALL,90,Z-Score (3),0.3,0.685749294329639,8.450405159867347e-05,1.2123734210122958e-77,303,3.2972337022725587e-06
L50pct,90,Z-Score (3),0.5,0.6857401420576833,2.1199555860091962e-05,3.8141725784171815e-78,305,8.244609995194682e-07
L50pct,30,Abs (100k),0.5,0.6856393007553527,2.0524020525016042e-05,6.632868680916324e-233,920,4.586774306662315e-07
L50pct,30,Abs (200k),0.5,0.6856393007553527,2.0524020525016042e-05,6.632868680916324e-233,920,4.586774306662315e-07
L50pct,30,Raw,0.5,0.6856393007553527,2.0524020525016042e-05,6.632868680916324e-233,920,4.586774306662315e-07
L5,90,Abs (200k),0.5,0.6854809655707212,0.00010838840204883801,4.2479688224866e-79,309,4.190244771254838e-06
L5,90,Raw,0.5,0.6854809655707212,0.00010838840204883801,4.2479688224866e-79,309,4.190244771254838e-06
L5,90,Abs (100k),0.5,0.6854809655707212,0.00010838840204883801,4.2479688224866e-79,309,4.190244771254838e-06
L10,90,Z-Score (3),0.3,0.6849820173144696,0.0003662169688481396,3.124790960449965e-77,302,1.4338572752777119e-05
L5,10,Abs (200k),0.3,0.6849500194701698,0.0008088507252853677,0.0,2747,1.0470260625001938e-05
L5,10,Raw,0.3,0.6849500194701698,0.0008088507252853677,0.0,2747,1.0470260625001938e-05
L5,10,Abs (100k),0.3,0.6849500194701698,0.0008088507252853677,0.0,2747,1.0470260625001938e-05
L5,90,Z-Score (3),0.3,0.6848141987476194,0.0007717944016101964,3.3850764470859915e-77,302,3.0229985640337226e-05
ALL,90,Pctl (1%-99%),0.3,0.6847958056738818,8.832486041515564e-05,6.0925817438702206e-77,301,3.4654753473635073e-06
L50pct,20,Raw,0.5,0.6846556891783675,1.934452941596241e-05,0.0,1376,3.5417768295042864e-07
L50pct,20,Abs (100k),0.5,0.6846556891783675,1.934452941596241e-05,0.0,1376,3.5417768295042864e-07
L50pct,20,Abs (200k),0.5,0.6846556891783675,1.934452941596241e-05,0.0,1376,3.5417768295042864e-07
L20,10,Abs (100k),0.3,0.6842925245316128,0.00018348189558823556,0.0,2747,2.378721395027528e-06
L20,10,Raw,0.3,0.6842925245316128,0.00018348189558823556,0.0,2747,2.378721395027528e-06
L20,10,Abs (200k),0.3,0.6842925245316128,0.00018348189558823556,0.0,2747,2.378721395027528e-06
L5,60,Z-Score (3),0.3,0.6840284392917358,0.0007595759218729539,3.795140897675103e-114,450,2.439041000239384e-05
L5,60,Pctl (1%-99%),0.3,0.683651616466655,0.0007581969466569958,4.957864308271468e-114,450,2.4367356179869096e-05
L10,90,Winsorized,0.5,0.6831061055094223,5.3011375475345644e-05,1.3502147950102395e-78,309,2.0606903511819154e-06
L5,90,Pctl (1%-99%),0.3,0.68255556716923,0.0007827207565754771,1.75924875926688e-76,301,3.086996289984541e-05
ALL,90,Winsorized,0.5,0.6825194736075556,1.2088780207556247e-05,1.7942457134002667e-78,309,4.7055925118268334e-07
ALL,60,Abs (200k),0.5,0.6822873943689478,1.111944795081971e-05,4.1661630467276973e-116,460,3.545553448693281e-07
ALL,60,Raw,0.5,0.6822873943689478,1.111944795081971e-05,4.1661630467276973e-116,460,3.545553448693281e-07
L20,60,Winsorized,0.5,0.681950893026353,2.6347264696264195e-05,5.310333900712167e-116,460,8.407625033205881e-07
L20,30,Raw,0.5,0.6817607372168529,2.4932568355956734e-05,1.8507173284843989e-230,920,5.622203541800074e-07
L20,30,Abs (100k),0.5,0.6817607372168529,2.4932568355956734e-05,1.8507173284843989e-230,920,5.622203541800074e-07
L20,30,Abs (200k),0.5,0.6817607372168529,2.4932568355956734e-05,1.8507173284843989e-230,920,5.622203541800074e-07
L10,10,Abs (200k),0.3,0.6810841171582495,0.00037810666772473836,0.0,2747,4.9383385475842935e-06
L10,10,Raw,0.3,0.6810841171582495,0.00037810666772473836,0.0,2747,4.9383385475842935e-06
L10,10,Abs (100k),0.3,0.6810841171582495,0.00037810666772473836,0.0,2747,4.9383385475842935e-06
L2,60,Raw,0.5,0.6805660105659703,0.00029235377709829915,1.4377085147023285e-115,460,9.35904219226694e-06
L2,60,Abs (200k),0.5,0.6805660105659703,0.00029235377709829915,1.4377085147023285e-115,460,9.35904219226694e-06
L2,60,Abs (100k),0.5,0.6805660105659703,0.00029235377709829915,1.4377085147023285e-115,460,9.35904219226694e-06
L50pct,10,Abs (200k),0.3,0.6803372394268947,0.00014912904600712608,0.0,2747,1.9510795024075205e-06
L50pct,10,Raw,0.3,0.6803372394268947,0.00014912904600712608,0.0,2747,1.9510795024075205e-06
L50pct,10,Abs (100k),0.3,0.6803372394268947,0.00014912904600712608,0.0,2747,1.9510795024075205e-06
L10,60,Z-Score (3),0.3,0.6796632573522334,0.0003595166683957334,1.4556319679977399e-112,449,1.1674055407952092e-05
L5,30,Winsorized,0.3,0.6785693019280492,0.0009043223264414381,1.809149055955698e-228,920,2.0542272404629074e-05
L2,45,Raw,0.5,0.6785629652288189,0.0002901610930320937,3.287010696145619e-153,615,8.06606693068233e-06
L2,45,Abs (100k),0.5,0.6785629652288189,0.0002901610930320937,3.287010696145619e-153,615,8.06606693068233e-06
L2,45,Abs (200k),0.5,0.6785629652288189,0.0002901610930320937,3.287010696145619e-153,615,8.06606693068233e-06
L2,30,Winsorized,0.3,0.6780073474648497,0.0023699903330733816,4.0351138988470073e-228,920,5.390524381596191e-05
L20,90,Z-Score (3),0.5,0.6775101310544013,2.5679846644451483e-05,1.927138078272088e-76,305,1.0178206379195259e-06
L3,30,Winsorized,0.3,0.6772152088944426,0.0015557500891566255,1.2471208998510008e-227,920,3.544962735483639e-05
L3,45,Raw,0.5,0.6764655622082424,0.00019158354132480377,2.4166322343818312e-152,615,5.351374819085638e-06
L3,45,Abs (100k),0.5,0.6764655622082424,0.00019158354132480377,2.4166322343818312e-152,615,5.351374819085638e-06
L3,45,Abs (200k),0.5,0.6764655622082424,0.00019158354132480377,2.4166322343818312e-152,615,5.351374819085638e-06
L50pct,60,Pctl (1%-99%),0.3,0.6763802231432441,0.00013970485771382042,8.09757211688345e-112,450,4.565565492444619e-06
ALL,15,Abs (100k),0.3,0.6760948086701416,8.070255923996591e-05,0.0,1835,1.3047017007078381e-06
ALL,15,Raw,0.3,0.6760948086701416,8.070255923996591e-05,0.0,1835,1.3047017007078381e-06
ALL,15,Abs (200k),0.3,0.6760948086701416,8.070255923996591e-05,0.0,1835,1.3047017007078381e-06
L10,45,Abs (100k),0.5,0.675160996183112,5.1505870502695395e-05,8.30393670464015e-152,615,1.4429686864737518e-06
L10,45,Abs (200k),0.5,0.675160996183112,5.1505870502695395e-05,8.30393670464015e-152,615,1.4429686864737518e-06
L10,45,Raw,0.5,0.675160996183112,5.1505870502695395e-05,8.30393670464015e-152,615,1.4429686864737518e-06
L5,90,Winsorized,0.5,0.6720813292041482,0.00011483889820108068,2.59254589262098e-76,309,4.578170751813329e-06
L10,20,Raw,0.5,0.6710421246350732,4.90045172305802e-05,0.0,1376,9.256312340551939e-07
L10,20,Abs (100k),0.5,0.6710421246350732,4.90045172305802e-05,0.0,1376,9.256312340551939e-07
L10,20,Abs (200k),0.5,0.6710421246350732,4.90045172305802e-05,0.0,1376,9.256312340551939e-07
L10,60,Pctl (1%-99%),0.3,0.6701850687622776,0.00034995347532224924,5.689023971569311e-110,450,1.1598693877535798e-05
L3,20,Abs (100k),0.5,0.669990834302803,0.0001882730168118875,0.0,1376,3.564702458244307e-06
L3,20,Abs (200k),0.5,0.669990834302803,0.0001882730168118875,0.0,1376,3.564702458244307e-06
L3,20,Raw,0.5,0.669990834302803,0.0001882730168118875,0.0,1376,3.564702458244307e-06
L5,20,Winsorized,0.3,0.6698288398137355,0.0008472870841573681,0.0,1376,1.604814599206321e-05
L20,15,Raw,0.5,0.6697803521681442,2.424137397121837e-05,0.0,1835,3.97567845439577e-07
L20,15,Abs (200k),0.5,0.6697803521681442,2.424137397121837e-05,0.0,1835,3.97567845439577e-07
L20,15,Abs (100k),0.5,0.6697803521681442,2.424137397121837e-05,0.0,1835,3.97567845439577e-07
L10,30,Abs (100k),0.5,0.6693328324317814,5.142759520375244e-05,8.08816599597885e-223,920,1.1930244644655603e-06
L10,30,Raw,0.5,0.6693328324317814,5.142759520375244e-05,8.08816599597885e-223,920,1.1930244644655603e-06
L10,30,Abs (200k),0.5,0.6693328324317814,5.142759520375244e-05,8.08816599597885e-223,920,1.1930244644655603e-06
ALL,45,Winsorized,0.3,0.6690571594074619,8.953564461848139e-05,2.5075177179056563e-149,615,2.543376249225697e-06
L5,45,Abs (100k),0.5,0.6685997514209078,0.00011085976353235421,3.830386732537195e-149,615,3.1523687974996875e-06
L5,45,Abs (200k),0.5,0.6685997514209078,0.00011085976353235421,3.830386732537195e-149,615,3.1523687974996875e-06
L5,45,Raw,0.5,0.6685997514209078,0.00011085976353235421,3.830386732537195e-149,615,3.1523687974996875e-06
L50pct,45,Winsorized,0.5,0.6684200280642645,2.1841628512646425e-05,4.523445864670092e-149,615,6.213326806146509e-07
L3,20,Winsorized,0.3,0.6682275390606192,0.0014571594218247377,0.0,1376,2.769948436148619e-05
L50pct,15,Raw,0.5,0.6679979649184093,1.9693239072253015e-05,0.0,1835,3.242789244654295e-07
L50pct,15,Abs (100k),0.5,0.6679979649184093,1.9693239072253015e-05,0.0,1835,3.242789244654295e-07
L50pct,15,Abs (200k),0.5,0.6679979649184093,1.9693239072253015e-05,0.0,1835,3.242789244654295e-07
L50pct,60,Raw,0.7,0.6679560687806434,2.450704293755046e-06,1.0285099827470398e-111,460,8.07387453185007e-08
L20,45,Winsorized,0.5,0.6678463131606719,2.655591329588686e-05,7.687252543100766e-149,615,7.564187352311959e-07
L2,20,Winsorized,0.3,0.6677727528450789,0.0022342120799666285,0.0,1376,4.2514228834066266e-05
L10,60,Winsorized,0.5,0.6674035800506264,5.3764691318237894e-05,1.5056718617174446e-111,460,1.7734907874332398e-06
L50pct,60,Z-Score (3),0.3,0.6661456412500457,0.00014194334019410144,2.6180769362746005e-108,448,4.7581871685920325e-06
L20,60,Z-Score (3),0.3,0.6660600617369009,0.00017402148045584357,2.7722517153252555e-108,448,5.834624539950012e-06
L50pct,90,Raw,0.7,0.6660133746908034,2.363198713397234e-06,4.344970642192871e-75,309,9.551115924733703e-08
L5,20,Raw,0.5,0.6642131583647227,0.00010753437821390269,0.0,1376,2.0626809670339138e-06
L5,20,Abs (200k),0.5,0.6642131583647227,0.00010753437821390269,0.0,1376,2.0626809670339138e-06
L5,20,Abs (100k),0.5,0.6642131583647227,0.00010753437821390269,0.0,1376,2.0626809670339138e-06
L2,45,Pctl (1%-99%),0.3,0.6636656859143291,0.0020348724367826553,7.407523760154044e-144,601,5.918813901058338e-05
L2,20,Abs (100k),0.5,0.6624653813971758,0.0002894186568173181,0.0,1376,5.573278226259136e-06
L2,20,Abs (200k),0.5,0.6624653813971758,0.0002894186568173181,0.0,1376,5.573278226259136e-06
L2,20,Raw,0.5,0.6624653813971758,0.0002894186568173181,0.0,1376,5.573278226259136e-06
L10,20,Winsorized,0.3,0.6597558593624491,0.000397793913688207,0.0,1376,7.706700243876181e-06
L50pct,30,Winsorized,0.5,0.6596865912625517,2.253622774822489e-05,4.395188421557909e-217,920,5.342328441325036e-07
L2,20,Z-Score (3),0.3,0.6587856608278868,0.001969162546093092,0.0,1348,3.86278560963541e-05
L20,60,Raw,0.7,0.6586966047958119,2.9831433579413877e-06,5.631694371308109e-109,460,1.0033881717924908e-07
L50pct,90,Winsorized,0.7,0.6581347239036845,2.6091028690738514e-06,1.5662960976309926e-73,309,1.0732282786959204e-07
L10,15,Abs (100k),0.5,0.6577482741024794,5.0646493205219615e-05,0.0,1835,8.533184037263792e-07
L10,15,Abs (200k),0.5,0.6577482741024794,5.0646493205219615e-05,0.0,1835,8.533184037263792e-07
L10,15,Raw,0.5,0.6577482741024794,5.0646493205219615e-05,0.0,1835,8.533184037263792e-07
L20,90,Raw,0.7,0.6575852367975965,2.868676387596644e-06,2.005017643647718e-73,309,1.1814424852208533e-07
ALL,90,Abs (200k),0.5,0.656594285490638,1.0934830433038675e-05,5.344312268162276e-73,308,4.5207089683132596e-07
L20,30,Winsorized,0.5,0.6562448825730736,2.733474592561242e-05,4.4667390364037706e-215,920,6.529581126217077e-07
L20,20,Winsorized,0.3,0.6539740317231921,0.00019483685142871428,0.0,1376,3.823418444682785e-06
ALL,30,Winsorized,0.3,0.653541756110507,9.127610405324593e-05,1.63033503119216e-213,920,2.193433810867827e-06
L50pct,20,Winsorized,0.3,0.6534339674712468,0.00015847074731683723,0.0,1376,3.1134929278462996e-06
L3,45,Pctl (1%-99%),0.3,0.6534198610388425,0.0013364367391155104,5.974016251785168e-140,601,3.976863320570423e-05
L10,45,Winsorized,0.5,0.6528667888248759,5.336700794713674e-05,5.785229100465956e-143,615,1.5717316975333347e-06
L3,45,Winsorized,0.5,0.6524641939126179,0.00020293648575984332,8.255491288231391e-143,615,5.98206784850911e-06
ALL,60,Winsorized,0.5,0.6522870312677114,1.156637129386472e-05,4.0098915566630933e-107,460,3.945985299932478e-07
L10,90,Pctl (1%-99%),0.5,0.6519380262727448,5.422669856114786e-05,1.712102382120821e-70,301,2.2914094662485318e-06
L2,60,Winsorized,0.5,0.6516644591972751,0.00031240701344539834,6.04294264472009e-107,460,1.0672714994611003e-05
L5,45,Pctl (1%-99%),0.3,0.6514471489214148,0.0007948409666069389,3.274745485784725e-139,601,2.375535678476851e-05
L10,15,Winsorized,0.3,0.6510581801166478,0.0004047014927744408,0.0,1835,6.920224517324527e-06
L3,90,MAD (3),0.3,0.6506769640456698,0.0012558876066934622,9.75223860717802e-68,290,5.4223235458605554e-05
L5,30,Abs (200k),0.5,0.6505029970208565,0.0001113154066956658,8.99640107039491e-212,920,2.692966890134774e-06
L5,30,Abs (100k),0.5,0.6505029970208565,0.0001113154066956658,8.99640107039491e-212,920,2.692966890134774e-06
L5,30,Raw,0.5,0.6505029970208565,0.0001113154066956658,8.99640107039491e-212,920,2.692966890134774e-06
L20,90,Winsorized,0.7,0.6503436663664227,3.171807941046441e-06,5.00781346810181e-72,309,1.3273545306400012e-07
L3,20,Z-Score (3),0.3,0.6502227801150524,0.0012485874228617634,4.27161479308867e-309,1347,2.497022664061774e-05
L50pct,60,Pctl (1%-99%),0.5,0.6502106641267756,1.98806980768098e-05,3.031688246762663e-104,450,6.8892010837439e-07
L2,20,Pctl (1%-99%),0.3,0.6501683416464783,0.0019574314304582068,2.80434224609381e-309,1348,3.913638183510782e-05
L5,60,Winsorized,0.5,0.6494964423188145,0.00011755702971709433,2.5063426201095907e-106,460,4.0352801615943915e-06
L50pct,90,Pctl (1%-99%),0.5,0.6492004605013352,2.0116782794045945e-05,5.534755126349854e-70,301,8.551908199313962e-07
L50pct,15,Winsorized,0.3,0.6491174461977399,0.00015799445870348777,0.0,1835,2.7131878876709085e-06
L2,45,Winsorized,0.5,0.6485191574766273,0.0003092914420410048,2.6335879248186884e-141,615,9.196595618684126e-06
L2,45,Z-Score (3),0.3,0.6485154710832194,0.002061736982502876,1.94014212009233e-137,598,6.217317808007605e-05
L5,20,Z-Score (3),0.3,0.6483343718414132,0.00073587843787473,1.598809704053491e-307,1347,1.477782003818077e-05
ALL,60,Pctl (1%-99%),0.3,0.6479931702890065,7.839978896976812e-05,1.2508202653797248e-103,450,2.7300224432190316e-06
L3,20,Pctl (1%-99%),0.3,0.6472854457028194,0.001245342934643809,7.0396120052852605e-307,1348,2.5057065055893514e-05
L20,15,Winsorized,0.3,0.6471053287149069,0.00019514565223248048,0.0,1835,3.3659891331493716e-06
ALL,30,Abs (200k),0.5,0.6465745270339092,1.1164186343782696e-05,1.5259688509544241e-209,920,2.724239995733789e-07
ALL,30,Raw,0.5,0.6465745270339092,1.1164186343782696e-05,1.5259688509544241e-209,920,2.724239995733789e-07
L3,60,Winsorized,0.5,0.6465080856283579,0.00020510092115392733,1.755377405845424e-105,460,7.086595329524752e-06
L5,45,Winsorized,0.5,0.6464009150721249,0.00011677644340702177,1.6636362507649074e-140,615,3.4884266185955676e-06
ALL,10,Abs (200k),0.3,0.6452362632165115,7.957053467507216e-05,0.0,2747,1.1261372615200237e-06
ALL,10,Raw,0.3,0.6452362632165115,7.957053467507216e-05,0.0,2747,1.1261372615200237e-06
ALL,10,Abs (100k),0.3,0.6452362632165115,7.957053467507216e-05,0.0,2747,1.1261372615200237e-06
L50pct,60,Winsorized,0.7,0.6441602036422116,2.628896419813373e-06,8.008251893653146e-105,460,9.130005711620346e-08
L3,30,Raw,0.5,0.6437328649171997,0.00019171133996027617,6.037556852712837e-208,920,4.70718754350182e-06
L3,30,Abs (100k),0.5,0.6437328649171997,0.00019171133996027617,6.037556852712837e-208,920,4.70718754350182e-06
L3,30,Abs (200k),0.5,0.6437328649171997,0.00019171133996027617,6.037556852712837e-208,920,4.70718754350182e-06
L5,30,Z-Score (3),0.3,0.6433031048307339,0.0007998744027280726,4.043337963207527e-204,904,1.9831719489921086e-05
L5,15,Winsorized,0.3,0.6429849324191005,0.0008601688742220634,0.0,1835,1.4970812311256754e-05
L5,20,Pctl (1%-99%),0.3,0.6428318307192225,0.0007539803613618519,3.284494903778145e-303,1348,1.5318815705709922e-05
ALL,45,Raw,0.5,0.6418101988509087,1.1074234492909762e-05,8.70235600592811e-139,615,3.3414639417291776e-07
ALL,45,Abs (200k),0.5,0.6418101988509087,1.1074234492909762e-05,8.70235600592811e-139,615,3.3414639417291776e-07
L2,90,MAD (3),0.3,0.640968174479774,0.002005113797984598,1.4227546337786732e-65,288,8.873689934015925e-05
L50pct,60,Z-Score (3),0.5,0.6408235371004679,1.9513586894091046e-05,1.9228371412352106e-101,449,6.909840972484946e-07
L5,90,MAD (3),0.3,0.6408059273788947,0.0008118786571293132,3.2507488464024774e-66,291,3.5755555025823606e-05
L50pct,20,Z-Score (3),0.3,0.6406317434437245,0.00013912801392628252,7.367097680641419e-302,1350,2.8381495027462506e-06
L2,5,Abs (100k),0.3,0.640630868567343,0.0021279880157808614,0.0,5431,2.163095587470617e-05
L2,5,Raw,0.3,0.640630868567343,0.0021279880157808614,0.0,5431,2.163095587470617e-05
L2,5,Abs (200k),0.3,0.640630868567343,0.0021279880157808614,0.0,5431,2.163095587470617e-05
L20,10,Abs (100k),0.5,0.6406007297042737,2.4146494232021044e-05,0.0,2747,3.4520556807081923e-07
L20,10,Abs (200k),0.5,0.6406007297042737,2.4146494232021044e-05,0.0,2747,3.4520556807081923e-07
L20,10,Raw,0.5,0.6406007297042737,2.4146494232021044e-05,0.0,2747,3.4520556807081923e-07
L20,20,Z-Score (3),0.3,0.6404876826563993,0.0001706267515187717,1.2457981791090644e-302,1354,3.4766444052616298e-06
L20,90,Pctl (1%-99%),0.5,0.640408751418017,2.4418050198789525e-05,2.2551154116528842e-68,301,1.0581599399156616e-06
ALL,60,Z-Score (3),0.3,0.6400242423356717,7.944816146563398e-05,8.803841665769797e-101,447,2.8245044362029633e-06
L3,30,Z-Score (3),0.3,0.63967836825406,0.0013618839670143622,3.8753126396334936e-202,904,3.403307367003398e-05
L50pct,30,Pctl (1%-99%),0.3,0.6396738145350132,0.00014965759694548787,3.008536864898133e-201,900,3.748255826193765e-06
L20,30,Pctl (1%-99%),0.3,0.6390857561378107,0.0001827217291766221,6.25943794156344e-201,900,4.582204529004701e-06
L10,30,Winsorized,0.5,0.6386273644624627,5.6353513880502225e-05,4.158873769026199e-205,920,1.3991153793326032e-06
L50pct,10,Raw,0.5,0.6384097248636317,1.968428600531553e-05,0.0,2747,2.827529313511846e-07
L50pct,10,Abs (200k),0.5,0.6384097248636317,1.968428600531553e-05,0.0,2747,2.827529313511846e-07
L50pct,10,Abs (100k),0.5,0.6384097248636317,1.968428600531553e-05,0.0,2747,2.827529313511846e-07
L20,30,Z-Score (3),0.3,0.6378806342294002,0.00018266843003548322,2.798813722109427e-200,900,4.5928418874336405e-06
L3,45,Z-Score (3),0.3,0.6377724219763973,0.00135460428139344,1.5412779873253363e-133,598,4.1816453987419144e-05
ALL,20,Abs (200k),0.5,0.6375333299882843,1.0363689099761115e-05,4.442286065609307e-305,1376,2.1081601586778219e-07
ALL,20,Raw,0.5,0.6375333299882843,1.0363689099761115e-05,4.442286065609307e-305,1376,2.1081601586778219e-07
L3,5,Raw,0.3,0.6373278462562971,0.001352685687286625,0.0,5431,1.3848815599860415e-05
L3,5,Abs (100k),0.3,0.6373278462562971,0.001352685687286625,0.0,5431,1.3848815599860415e-05
L3,5,Abs (200k),0.3,0.6373278462562971,0.001352685687286625,0.0,5431,1.3848815599860415e-05
L50pct,30,Z-Score (3),0.3,0.63732146706352,0.000148980819058836,5.598070061773861e-200,900,3.7503676236075616e-06
L20,60,Pctl (1%-99%),0.5,0.636830020386481,2.4066516878900662e-05,1.3744382002764975e-100,450,8.586525018742775e-07
L10,60,Pctl (1%-99%),0.5,0.6367141736917302,5.065916269048637e-05,1.47635647594605e-100,450,1.8078856957527651e-06
L3,15,Abs (100k),0.5,0.6364517179476177,0.00019159334261869922,0.0,1835,3.382186087162691e-06
L3,15,Raw,0.5,0.6364517179476177,0.00019159334261869922,0.0,1835,3.382186087162691e-06
L3,15,Abs (200k),0.5,0.6364517179476177,0.00019159334261869922,0.0,1835,3.382186087162691e-06
L2,30,Z-Score (3),0.3,0.6361801898493149,0.0021058696132146004,8.346175027042681e-200,902,5.308396131234023e-05
L20,60,Winsorized,0.7,0.6359480159508509,3.1930581130734547e-06,1.4977515163049994e-102,460,1.1288727156195336e-07
L50pct,20,Winsorized,0.5,0.6355936042624412,2.0939006251116816e-05,1.740494967359258e-303,1376,4.2772628168406676e-07
ALL,90,Z-Score (3),0.5,0.6349458590660592,1.1364812043137397e-05,4.73522197595878e-68,304,4.958714199891057e-07
L5,15,Abs (100k),0.5,0.6348711091619054,0.00010938762483219704,0.0,1835,1.937614058186271e-06
L5,15,Raw,0.5,0.6348711091619054,0.00010938762483219704,0.0,1835,1.937614058186271e-06
L5,15,Abs (200k),0.5,0.6348711091619054,0.00010938762483219704,0.0,1835,1.937614058186271e-06
L10,90,Z-Score (3),0.5,0.6348311828903066,5.1685189809213564e-05,1.3643247894814834e-67,302,2.2632014095920965e-06
L3,90,IQR (1.5x),0.3,0.6347253010050937,0.0012772734823781656,4.620810112145923e-64,286,5.7496527524154364e-05
L10,30,Z-Score (3),0.3,0.6346145398293893,0.00037301090272473514,9.552111044072217e-199,901,9.439789321464017e-06
L3,15,Winsorized,0.3,0.634071876352371,0.0014921242863477377,0.0,1835,2.6476002633113557e-05
L2,15,Winsorized,0.3,0.6339531822327193,0.0022919319499186985,0.0,1835,4.067805798373484e-05
L20,45,Pctl (1%-99%),0.3,0.6337779152183419,0.00017946488700267595,8.977330048097233e-133,601,5.5740363062737285e-06
L50pct,20,Pctl (1%-99%),0.3,0.6337404701649673,0.0001392638079033465,7.347632748811196e-296,1348,2.8857219436863235e-06
L10,20,Z-Score (3),0.3,0.6336760575908712,0.00035272038242743607,5.004246010720984e-296,1349,7.307111963544563e-06
L5,45,Z-Score (3),0.3,0.6333127774721425,0.0007938569271656723,5.929904174658052e-132,598,2.47433143268691e-05
L2,30,Pctl (1%-99%),0.3,0.6332207550435641,0.0021055782030282313,8.746978735528418e-198,900,5.3475889010723285e-05
L3,30,Pctl (1%-99%),0.3,0.6330306944722587,0.0013461290089663719,1.1039326530851324e-197,900,3.4201960470345963e-05
L20,45,Raw,0.7,0.6329774711218984,3.018934382501832e-06,1.5319682436790585e-135,615,9.284866666547278e-08
L10,20,Pctl (1%-99%),0.3,0.6326364483634934,0.00035111314947507117,5.574741139674597e-295,1348,7.29281996303738e-06
L20,20,Raw,0.7,0.6320313351422165,2.828129375043749e-06,1.3943115419391608e-300,1376,5.821595411758469e-08
L50pct,45,Raw,0.7,0.6320038571905224,2.4833271456532726e-06,3.453216733174875e-135,615,7.653594828810812e-08
L50pct,30,Raw,0.7,0.6314731045312812,2.448863594602365e-06,3.383027525609506e-201,920,6.174480446851737e-08
L20,60,Z-Score (3),0.5,0.6313372034093421,2.3444131815907942e-05,6.569029626981321e-99,449,8.473529748997606e-07
L10,45,Pctl (1%-99%),0.3,0.6310589306605353,0.00036339174091822544,8.245388762190965e-132,601,1.1352857426301118e-05
L20,60,MAD (3),0.3,0.6307496816777108,0.00018168492010421907,1.5009087077576275e-93,425,6.75897153969868e-06
L50pct,20,Raw,0.7,0.6298119438156672,2.3036619152162103e-06,8.694956619573868e-299,1376,4.764651396466338e-08
L20,20,Winsorized,0.5,0.629751305718524,2.578333580346578e-05,9.730983545340612e-299,1376,5.333446807352187e-07
L10,30,Pctl (1%-99%),0.3,0.6292549851260171,0.0003712716484429845,1.0972422924822376e-195,900,9.509943694220654e-06
ALL,45,Winsorized,0.5,0.6290648999964958,1.173702015239268e-05,3.96355901168095e-134,615,3.6402302275595706e-07
L20,90,Pctl (5%-95%),0.3,0.6289311346116014,0.00016761719596822348,3.816393526018683e-61,277,7.763864284008879e-06
L50pct,90,MAD (3),0.3,0.6289009706836826,0.00015073433593114488,1.951317617899321e-62,283,6.9073714099200015e-06
L50pct,90,IQR (1.5x),0.3,0.6289009706836826,0.00015073433593114488,1.951317617899321e-62,283,6.9073714099200015e-06
ALL,15,Raw,0.5,0.6280189799234271,1.0587675720020665e-05,0.0,1835,1.9032393343481825e-07
ALL,15,Abs (200k),0.5,0.6280189799234271,1.0587675720020665e-05,0.0,1835,1.9032393343481825e-07
L2,30,Abs (100k),0.5,0.6280061427816055,0.00028974182196408435,2.4949222584213347e-199,920,7.3599655994174925e-06
L2,30,Abs (200k),0.5,0.6280061427816055,0.00028974182196408435,2.4949222584213347e-199,920,7.3599655994174925e-06
L2,30,Raw,0.5,0.6280061427816055,0.00028974182196408435,2.4949222584213347e-199,920,7.3599655994174925e-06
L50pct,45,Pctl (1%-99%),0.3,0.6279095880561827,0.00014594208501584122,1.054117919607204e-130,601,4.590318472996431e-06
L20,20,Pctl (1%-99%),0.3,0.6277676829275264,0.00016959735945426717,3.9456587768456254e-291,1348,3.5596239223404987e-06
L5,30,Pctl (1%-99%),0.3,0.6275530846081423,0.0007812977840331985,8.589685431874359e-195,900,2.0085626418708465e-05
L5,5,Raw,0.3,0.627339891932733,0.0007647824087062519,0.0,5431,7.999870732966404e-06
L5,5,Abs (200k),0.3,0.627339891932733,0.0007647824087062519,0.0,5431,7.999870732966404e-06
L5,5,Abs (100k),0.3,0.627339891932733,0.0007647824087062519,0.0,5431,7.999870732966404e-06
L50pct,90,Z-Score (3),0.7,0.6271317780380637,2.607307140578703e-06,1.1665772515623087e-66,304,1.1568765141086465e-07
L2,60,MAD (3),0.3,0.6266090236946481,0.001902580563797331,3.0666087692729133e-94,433,7.074373862434934e-05
L2,15,Abs (100k),0.5,0.6264775589212376,0.0002935034215375133,0.0,1835,5.293434288002758e-06
L2,15,Raw,0.5,0.6264775589212376,0.0002935034215375133,0.0,1835,5.293434288002758e-06
L2,15,Abs (200k),0.5,0.6264775589212376,0.0002935034215375133,0.0,1835,5.293434288002758e-06
L50pct,15,Winsorized,0.5,0.6264130207416412,2.089393843754982e-05,0.0,1835,3.7688127082222115e-07
L2,10,Winsorized,0.3,0.6255458863251696,0.002327991379404208,0.0,2747,3.437794482028576e-05
L50pct,90,Pctl (1%-99%),0.7,0.6252670102671279,2.646179897335852e-06,1.0871171306260818e-65,301,1.1847097917473758e-07
ALL,15,Abs (100k),0.5,0.6251013382070167,1.0676579164795259e-05,0.0,1834,1.931750888801228e-07
ALL,20,Winsorized,0.3,0.6249524536248304,8.441633198584458e-05,6.793017214009651e-295,1376,1.7642201850365063e-06
L3,10,Winsorized,0.3,0.6247229270796989,0.0014895977725278868,0.0,2747,2.2035866557859928e-05
L2,90,Pctl (5%-95%),0.3,0.6246444669712841,0.001750562406165178,1.8578616291991252e-60,277,8.183068997695371e-05
L10,60,MAD (3),0.3,0.62406522422337,0.00037066706071545624,6.707782119436067e-92,425,1.3987982177586063e-05
L20,30,Raw,0.7,0.6234901271480783,2.963409245950391e-06,6.368751788452895e-197,920,7.600526628416993e-08
L5,90,IQR (1.5x),0.3,0.6232474191669255,0.0007613968828357096,1.0048701642150988e-61,284,3.52520529618609e-05
L2,90,Z-Score (3),0.5,0.6231910650356532,0.00027449194446980225,5.72409630240467e-66,304,1.228219870848039e-05
L10,10,Winsorized,0.3,0.6229710924209501,0.0004015826007465615,0.0,2747,5.962894027454662e-06
L3,90,Z-Score (3),0.5,0.6223881768966377,0.00018054242038510808,7.898907764005556e-66,304,8.092224331859724e-06
L20,10,Winsorized,0.3,0.6220380163882951,0.00019443227341159485,0.0,2747,2.8927624788081233e-06
L10,90,MAD (3),0.3,0.621528645999519,0.00038506429591357095,4.427860406038252e-62,287,1.7799047156119447e-05
ALL,30,Abs (100k),0.5,0.6215256912434952,1.120358134198906e-05,2.990531838200149e-195,917,2.8902471673047426e-07
ALL,60,Abs (100k),0.5,0.6213081190254747,1.1006944227787615e-05,1.640142562716558e-96,450,4.059917808445456e-07
ALL,90,Abs (100k),0.5,0.6212134308671583,1.1465160350571723e-05,8.86665952006443e-65,300,5.186195314423092e-07
L20,15,Winsorized,0.5,0.6209608394047227,2.574164194607419e-05,0.0,1835,4.697480081680083e-07
L5,10,Winsorized,0.3,0.6209218654227932,0.0008594087570638533,0.0,2747,1.2816649003881794e-05
L50pct,45,Winsorized,0.7,0.6204761882178532,2.6545768059857765e-06,4.4463304390098506e-131,615,8.385365805723699e-08
L20,90,MAD (3),0.3,0.6201732794264619,0.0001928072124473687,3.1681067601557436e-61,284,8.985349063953435e-06
L10,15,Pctl (1%-99%),0.3,0.6199031580238469,0.0003599996145589621,0.0,1797,6.653574370207899e-06
L10,5,Abs (100k),0.3,0.6196228428885535,0.00035231363349309396,0.0,5431,3.746390406941551e-06
L10,5,Raw,0.3,0.6196228428885535,0.00035231363349309396,0.0,5431,3.746390406941551e-06
L10,5,Abs (200k),0.3,0.6196228428885535,0.00035231363349309396,0.0,5431,3.746390406941551e-06
L10,15,Z-Score (3),0.3,0.6194476035129112,0.0003617961672461672,0.0,1797,6.693244308372163e-06
L20,60,IQR (1.5x),0.3,0.6193881798303188,0.0001742926684366892,4.426970338133857e-89,417,6.706790644167433e-06
L50pct,30,Winsorized,0.7,0.6193535774203658,2.7810211222161305e-06,9.629991303083192e-195,920,7.195724011519464e-08
L3,60,MAD (3),0.3,0.619310668431794,0.0012329601918058494,1.2321176568337594e-92,434,4.6509134101019966e-05
L50pct,90,Pctl (5%-95%),0.3,0.6192947749067361,0.0001372741382233269,1.3059807295535734e-59,277,6.490349590530042e-06
L20,15,Z-Score (3),0.3,0.6185706907912631,0.00017143603758799372,0.0,1800,3.1748238787213405e-06
L50pct,10,Winsorized,0.3,0.6180975300648444,0.00015841509287722812,0.0,2747,2.376693133268982e-06
L5,15,Z-Score (3),0.3,0.6174540623985658,0.0007517929595347778,0.0,1800,1.3955419040355469e-05
L20,90,IQR (1.5x),0.3,0.6171626740221992,0.00017878340762487001,2.5340878593956367e-60,282,8.415026850740511e-06
L2,90,IQR (1.5x),0.3,0.6170930061862934,0.001842482295382804,1.6057820052795114e-60,283,8.658078131979977e-05
ALL,30,Winsorized,0.5,0.6170541077167542,1.2140872038240664e-05,1.531158007891893e-193,920,3.1567168248090564e-07
L20,15,Pctl (1%-99%),0.3,0.6170316602614693,0.0001724164190955792,0.0,1797,3.2060781647049255e-06
L10,10,Abs (100k),0.5,0.6169508210150404,4.9810074629033746e-05,0.0,2747,7.491141709783372e-07
L10,10,Raw,0.5,0.6169508210150404,4.9810074629033746e-05,0.0,2747,7.491141709783372e-07
L10,10,Abs (200k),0.5,0.6169508210150404,4.9810074629033746e-05,0.0,2747,7.491141709783372e-07
L20,15,Raw,0.7,0.616936521117736,2.900890532512849e-06,0.0,1835,5.339065420013976e-08
L20,45,Z-Score (3),0.3,0.6168584034303352,0.0001797340503300656,1.7823030370433037e-126,599,5.797357805713512e-06
L10,20,Winsorized,0.5,0.6167326797987849,5.326150985285126e-05,2.0107269351471872e-288,1376,1.1327198767198315e-06
ALL,90,Pctl (1%-99%),0.5,0.6165354255928424,1.1377697088352795e-05,3.426053718153254e-64,301,5.189223540055296e-07
L20,5,Raw,0.3,0.6162660279061665,0.00016911532468025987,0.0,5431,1.811148471422156e-06
L20,5,Abs (200k),0.3,0.6162660279061665,0.00016911532468025987,0.0,5431,1.811148471422156e-06
L20,5,Abs (100k),0.3,0.6162660279061665,0.00016911532468025987,0.0,5431,1.811148471422156e-06
ALL,20,Abs (100k),0.5,0.6159310850366528,1.0288709398947993e-05,3.5551441068694015e-287,1373,2.194222637786694e-07
L2,90,Pctl (1%-99%),0.5,0.6158756393165349,0.0002802314623342049,4.432422475500313e-64,301,1.2798842981489373e-05
L20,90,Z-Score (3),0.7,0.6158443055894804,3.1510463131866693e-06,1.063049564640587e-64,304,1.4320872804990765e-07
L50pct,15,Raw,0.7,0.6158100227787433,2.3426714053139205e-06,0.0,1835,4.3219504442321664e-08
L50pct,15,Z-Score (3),0.3,0.6157415536188253,0.00013895973919495855,0.0,1799,2.5895686661809523e-06
ALL,15,Winsorized,0.3,0.6152244968551186,8.512172103225634e-05,0.0,1835,1.5723385442301586e-06
ALL,90,Raw,0.7,0.6151005559424699,1.2389820563795612e-06,1.298605124109983e-65,309,5.5936644570517346e-08
L3,90,Pctl (1%-99%),0.5,0.6145169400286847,0.00018462896997232145,7.522565504090347e-64,301,8.456681453115238e-06
L10,60,Raw,0.7,0.6139194103856093,6.108234097469483e-06,1.0613960778750392e-96,460,2.2634256622661034e-07
L2,15,Z-Score (3),0.3,0.6138839732497322,0.0020059985257418387,0.0,1802,3.749817430911876e-05
L10,90,Winsorized,0.7,0.6134341050768729,6.42215199054703e-06,2.523856678385165e-65,309,2.909639612759087e-07
L3,90,Abs (100k),0.7,0.6133023437148227,2.3690921502987315e-05,4.283987901524945e-65,308,1.0753991733184757e-06
ALL,90,Winsorized,0.7,0.6132562679892319,1.3708595028410204e-06,2.708871266074156e-65,309,6.213186689848086e-08
ALL,60,Z-Score (3),0.5,0.6131521682005321,1.0996811057934151e-05,3.1432467656620256e-94,449,4.131416228072096e-07
L5,15,Pctl (1%-99%),0.3,0.6129248092798095,0.0007504844501255839,0.0,1797,1.4076787014052712e-05
L10,45,Z-Score (3),0.3,0.6129177730254219,0.0003618253072879158,6.100129203318673e-125,598,1.1778129302103065e-05
L5,30,Winsorized,0.5,0.6122925282883759,0.0001227896238557214,4.4672152145954334e-191,920,3.2248753581921626e-06
L20,45,Winsorized,0.7,0.6120544628521324,3.2291999125539113e-06,3.7361922322765944e-128,615,1.0383769532212483e-07
L50pct,45,Z-Score (3),0.3,0.6120329142863247,0.00014800010388586578,1.2054889009872754e-124,598,4.8266848404447625e-06
L2,90,Winsorized,0.7,0.6116658417029132,3.656627477562841e-05,5.092497840407408e-65,309,1.6628658456843877e-06
L2,60,Pctl (1%-99%),0.5,0.6113466273251398,0.00028865496293372186,5.549965416132562e-94,450,1.0873703382073642e-05
L50pct,60,Pctl (1%-99%),0.7,0.6103902350735531,2.6246615891736104e-06,9.632160135238467e-94,450,9.907074676288232e-08
ALL,60,Raw,0.7,0.6103823938045839,1.276381099320447e-06,8.59215423615631e-96,460,4.7650330072768983e-08
L50pct,5,Abs (200k),0.3,0.6102318346204538,0.0001367515141848905,0.0,5431,1.4832965113471852e-06
L50pct,5,Abs (100k),0.3,0.6102318346204538,0.0001367515141848905,0.0,5431,1.4832965113471852e-06
L50pct,5,Raw,0.3,0.6102318346204538,0.0001367515141848905,0.0,5431,1.4832965113471852e-06
L10,15,Winsorized,0.5,0.610040304508874,5.4318648079650414e-05,0.0,1835,1.0143744848258207e-06
L3,15,Z-Score (3),0.3,0.6097947180352042,0.001281183310260862,0.0,1803,2.414955647207698e-05
L3,10,Raw,0.5,0.60871000831327,0.00019225451235396686,0.0,2747,2.942046388072405e-06
L3,10,Abs (100k),0.5,0.60871000831327,0.00019225451235396686,0.0,2747,2.942046388072405e-06
L3,10,Abs (200k),0.5,0.60871000831327,0.00019225451235396686,0.0,2747,2.942046388072405e-06
L20,30,Winsorized,0.7,0.6086810716167836,3.353152998102146e-06,3.159113943525022e-189,920,8.873655390505489e-08
L20,90,Pctl (1%-99%),0.7,0.6083325230531905,3.1822687409171073e-06,8.164217187474407e-63,301,1.4766905512464284e-07
L10,60,IQR (1.5x),0.3,0.6080881579885477,0.00036945255891313847,2.95729907142923e-87,421,1.448980655915413e-05
L50pct,20,Z-Score (3),0.5,0.6076248574526784,1.906511512331819e-05,6.354792821833736e-276,1349,4.1743476115575005e-07
L50pct,15,Pctl (1%-99%),0.3,0.6075565396317895,0.00013765221887828793,0.0,1797,2.6112363826708867e-06
L3,15,Pctl (1%-99%),0.3,0.6070786577690279,0.0012918802037541319,0.0,1797,2.453128757956762e-05
L2,15,Pctl (1%-99%),0.3,0.6068920062859678,0.001992457084538038,0.0,1797,3.784922387651492e-05
L10,90,Raw,0.7,0.6068252543425291,5.874549117709766e-06,3.423507363519519e-64,309,2.698772869328719e-07
L10,60,Winsorized,0.7,0.6066998937030734,6.5816108773739364e-06,7.429917730061791e-95,460,2.476136234907554e-07
L10,60,Z-Score (3),0.5,0.6065537414983077,4.857303101962003e-05,1.3847612263048869e-92,449,1.8503313629812933e-06
L50pct,30,Pctl (1%-99%),0.5,0.6065023326796141,2.0189630630181745e-05,4.5970904662778324e-184,900,5.42681539764621e-07
L2,60,IQR (1.5x),0.3,0.6064435783833191,0.0019251152343010846,2.795479505708679e-87,423,7.558297526756915e-05
L5,20,Winsorized,0.5,0.6063926791803138,0.00011592535665893165,1.7769781220418738e-280,1376,2.5196468983654537e-06
L50pct,30,Z-Score (3),0.5,0.6055924880657211,2.002605115333834e-05,8.145042295987228e-184,901,5.3901124366748e-07
L50pct,60,IQR (1.5x),0.3,0.6053343598345873,0.00014518886909468406,8.290177542287996e-86,417,5.754747463645681e-06
L20,30,Z-Score (3),0.5,0.6042843408536362,2.4454327467894726e-05,2.271010505682866e-183,902,6.596376212321007e-07
L5,10,Abs (100k),0.5,0.604121225570125,0.00010908431425128588,0.0,2747,1.6854279535015069e-06
L5,10,Raw,0.5,0.604121225570125,0.00010908431425128588,0.0,2747,1.6854279535015069e-06
L5,10,Abs (200k),0.5,0.604121225570125,0.00010908431425128588,0.0,2747,1.6854279535015069e-06
ALL,30,Z-Score (3),0.3,0.6038777397494638,8.081955975691188e-05,5.7331921462374855e-183,901,2.1831156770182035e-06
L3,90,Winsorized,0.7,0.6037146274343468,2.4619578003465046e-05,1.1505833451719375e-63,309,1.1384123241663213e-06
L20,60,Pctl (5%-95%),0.3,0.6034577477894968,0.00016711243331244275,8.929938187795986e-85,414,6.673927055932687e-06
L5,60,Pctl (1%-99%),0.5,0.6032517486859684,0.00010697116374796894,5.656421074801408e-92,450,4.098603715647238e-06
L5,60,MAD (3),0.3,0.6025493647278064,0.000715678153775294,1.389224872839731e-87,429,2.8128663926962997e-05
L50pct,60,MAD (3),0.3,0.601866293599219,0.00013954940859197388,1.2711947838971853e-86,425,5.51851565634393e-06
L50pct,60,Z-Score (3),0.7,0.6011552842970054,2.4889585115243873e-06,1.1638789345947924e-91,451,9.567601398657077e-08
ALL,30,Pctl (1%-99%),0.3,0.6011305524831694,8.095822760337071e-05,2.0341990405034415e-181,900,2.200664351607459e-06
L2,10,Abs (100k),0.5,0.6009089078368413,0.0002987684242518815,0.0,2747,4.647241249263976e-06
L2,10,Abs (200k),0.5,0.6009089078368413,0.0002987684242518815,0.0,2747,4.647241249263976e-06
L2,10,Raw,0.5,0.6009089078368413,0.0002987684242518815,0.0,2747,4.647241249263976e-06
L50pct,20,Winsorized,0.7,0.60043559013777,2.5558475818218035e-06,5.414453992555393e-276,1376,5.624731166456261e-08
L20,20,Winsorized,0.7,0.5999850895973122,3.1270425194463902e-06,1.1746886940657298e-275,1376,6.888240171300309e-08
L20,60,Pctl (1%-99%),0.7,0.599869822732904,3.211170691543044e-06,3.797357281270093e-91,450,1.2390719633241913e-07
L10,45,Raw,0.7,0.5997597563808577,6.0921125594747645e-06,5.3688989463053855e-124,615,2.01006174383232e-07
L5,90,Z-Score (3),0.5,0.5991107823040294,0.00010309862490688501,1.0659999367785508e-61,303,4.861029369432499e-06
L50pct,20,Pctl (1%-99%),0.5,0.5990855414872129,1.886183623760203e-05,2.0053209995106475e-269,1348,4.205744447377739e-07
L10,60,Pctl (5%-95%),0.3,0.5984348783979255,0.00034645639439052873,1.1988123405200468e-83,414,1.398200705401711e-05
L5,90,Pctl (5%-95%),0.3,0.5983254415823845,0.0007519055899179268,2.1138956519135625e-56,277,3.7150562519598855e-05
ALL,60,Pctl (1%-99%),0.5,0.5981724481136513,1.0571457547949064e-05,9.815104847250132e-91,450,4.093572779523894e-07
L10,90,Pctl (1%-99%),0.7,0.5970802810803596,6.8061278630069405e-06,5.687557114579162e-61,301,3.2333849042402486e-07
L20,20,Z-Score (3),0.5,0.5970451498994678,2.3026496626556606e-05,3.882683700890153e-268,1349,5.154287931061314e-07
L3,30,Winsorized,0.5,0.5964587397136042,0.00021430438260825125,4.313786660760186e-183,920,5.817862886899825e-06
L2,10,Z-Score (3),0.3,0.5963832784085563,0.0020926760659857047,0.0,2691,3.3199263735123555e-05
L10,20,Raw,0.7,0.5963799589397745,5.819403753037447e-06,5.59954827284688e-273,1376,1.2915462541456888e-07
L3,20,Winsorized,0.5,0.5960804547751383,0.00020297494239724856,9.32344534829211e-273,1376,4.5075863383766426e-06
L10,90,Abs (200k),0.7,0.5959506261117117,6.9289583670706505e-06,1.363382383308829e-60,300,3.305003309413095e-07
L10,90,Z-Score (3),0.7,0.5959506261117117,6.9289583670706505e-06,1.363382383308829e-60,300,3.305003309413095e-07
ALL,10,Abs (200k),0.5,0.5957198602238433,1.0458897492026998e-05,0.0,2747,1.6445038562695363e-07
ALL,10,Abs (100k),0.5,0.5957198602238433,1.0458897492026998e-05,0.0,2747,1.6445038562695363e-07
ALL,10,Raw,0.5,0.5957198602238433,1.0458897492026998e-05,0.0,2747,1.6445038562695363e-07
L50pct,15,Winsorized,0.7,0.5943581834912938,2.5389237925417515e-06,0.0,1835,4.8990928334637666e-08
L5,90,Pctl (1%-99%),0.5,0.5940095161023274,0.00010462852051458227,1.7741249039163165e-60,301,5.0023689035950204e-06
L2,10,Pctl (1%-99%),0.3,0.5939498415475745,0.002087454942453302,0.0,2691,3.328408831473351e-05
L3,60,Pctl (1%-99%),0.5,0.5939127469336674,0.0001832800369392067,1.0453844046667695e-89,450,7.1601894298792695e-06
L50pct,10,Winsorized,0.5,0.5938095778873694,2.1013647522938175e-05,0.0,2747,3.3171988718787595e-07
ALL,20,Z-Score (3),0.3,0.5932730770030848,7.33569054829154e-05,1.3192765746925657e-265,1350,1.6543225777753947e-06
ALL,45,Pctl (1%-99%),0.3,0.5930665244099032,7.984645888464017e-05,4.767194450494937e-119,601,2.702416304755627e-06
L20,10,Winsorized,0.5,0.5927618560061958,2.5847106462309727e-05,0.0,2747,4.0890729392738366e-07
L20,45,Pctl (1%-99%),0.5,0.5923617372909771,2.3825518022817302e-05,8.009421763713549e-119,601,8.075564918675456e-07
L20,20,Pctl (1%-99%),0.5,0.5923539605232071,2.2893999476158984e-05,1.4840096534359612e-264,1348,5.176665509922215e-07
ALL,60,Winsorized,0.7,0.5922687688826894,1.345196734603601e-06,2.8840605614552753e-91,460,5.215316128692082e-08
L10,30,Raw,0.7,0.5920475595673887,6.0851505923363484e-06,6.363180920929672e-181,920,1.667156845092513e-07
L50pct,60,Pctl (5%-95%),0.3,0.5918741340734698,0.00014274263682446887,3.396108833230564e-82,414,5.839658984277225e-06
L50pct,45,Pctl (1%-99%),0.5,0.5917932663961455,1.953909273609053e-05,1.2163892725785109e-118,601,6.630496581351071e-07
L5,60,Z-Score (3),0.5,0.5917549143325616,0.00010641392832005674,5.378281171028265e-89,449,4.180558068583948e-06
L20,60,Z-Score (3),0.7,0.591370031295643,3.015575836814293e-06,1.7290187211105004e-89,452,1.181678813291613e-07
L3,10,Z-Score (3),0.3,0.5908379465469665,0.0013464280350468166,0.0,2690,2.161135505094562e-05
L20,15,Winsorized,0.7,0.5904678165389324,3.144042125407757e-06,0.0,1835,6.115796507199497e-08
L2,20,Winsorized,0.5,0.5903839186159946,0.00030740809111645505,1.4127968353294146e-268,1376,6.907854276515123e-06
L5,60,IQR (1.5x),0.3,0.5900371055837563,0.0007290970563523461,2.40027354956401e-83,422,2.965468484973556e-05
L10,15,Abs (200k),0.7,0.5897053876190246,6.097094343981156e-06,0.0,1835,1.1878785550790608e-07
L10,15,Raw,0.7,0.5897053876190246,6.097094343981156e-06,0.0,1835,1.1878785550790608e-07
L2,60,Pctl (5%-95%),0.3,0.5896936867409257,0.001874808238456461,1.0197104696716805e-81,414,7.704582427351986e-05
L20,10,Pctl (1%-99%),0.3,0.5896006925946756,0.0001755431559821991,0.0,2691,2.824312954061484e-06
L2,60,Z-Score (3),0.5,0.5889664774158637,0.0002748337699622101,2.4682519237452836e-88,449,1.085949593095987e-05
ALL,20,Winsorized,0.5,0.588873485237795,1.1053350136900028e-05,1.7733559055230312e-267,1376,2.4915941600381127e-07
L5,60,Raw,0.7,0.5886639896946513,1.3615129367279683e-05,2.171354693611276e-90,460,5.318065281183505e-07
L5,60,Abs (200k),0.7,0.5886639896946513,1.3615129367279683e-05,2.171354693611276e-90,460,5.318065281183505e-07
L3,90,Pctl (5%-95%),0.3,0.5875772006133623,0.0012467308277649238,8.051361459137634e-55,277,6.298617223648869e-05
ALL,20,Pctl (1%-99%),0.3,0.5874391481956582,7.261224788309284e-05,4.743114392514188e-261,1348,1.6586315281982338e-06
L3,10,Pctl (1%-99%),0.3,0.5871821525934744,0.0013348451757427564,0.0,2691,2.1583819688458212e-05
L3,60,IQR (1.5x),0.3,0.5867350557400138,0.001221835493837584,8.331310526893754e-83,423,4.997639831956641e-05
ALL,90,Z-Score (3),0.7,0.5865535836792514,1.357576662573865e-06,4.6049213096581665e-60,305,6.547851464583227e-08
L10,90,Pctl (5%-95%),0.3,0.5864969061244144,0.00036602243041579814,1.1547221382572599e-54,277,1.853309160884918e-05
L20,10,Raw,0.7,0.5859137149183088,2.880477735321656e-06,0.0,2747,4.621914843584069e-08
L10,90,IQR (1.5x),0.3,0.5856808520100409,0.0003545777481239562,2.582646052594457e-55,281,1.7854445440945213e-05
L2,30,Winsorized,0.5,0.5848498456185112,0.0003204964540633261,1.9621506133189753e-177,920,8.912146160346306e-06
L50pct,10,Pctl (1%-99%),0.3,0.5843818396807345,0.00014229561336192957,0.0,2691,2.314168688310721e-06
L20,15,Pctl (1%-99%),0.5,0.5841979961983308,2.3226705897693797e-05,0.0,1797,4.625073638896295e-07
ALL,10,Winsorized,0.3,0.5841259371002411,8.40738193295065e-05,0.0,2747,1.3539956683719923e-06
L10,30,Winsorized,0.7,0.5837300177527267,6.879639582979105e-06,6.762804314790486e-177,920,1.9174580873402668e-07
L50pct,15,Pctl (1%-99%),0.5,0.583249779390703,1.8728393622851738e-05,0.0,1797,3.736619962839948e-07
L50pct,10,Raw,0.7,0.5831065021430915,2.3356305166913554e-06,0.0,2747,3.7693944372984e-08
L20,30,Pctl (1%-99%),0.5,0.5830903299365539,2.368080852242542e-05,8.725947591787158e-173,900,6.682076180663138e-07
L20,10,Z-Score (3),0.3,0.5821161736193068,0.00017614685873376453,0.0,2686,2.8807567975208553e-06
ALL,15,Winsorized,0.5,0.5820507277680486,1.1182109980198789e-05,0.0,1835,2.2132164794699828e-07
ALL,15,Pctl (1%-99%),0.3,0.5818325221060644,7.527197192988211e-05,0.0,1797,1.5061811129482023e-06
L10,45,Winsorized,0.7,0.5810460389782424,6.4352076910158275e-06,6.5976754043160165e-118,615,2.2070400221074224e-07
L5,90,Winsorized,0.7,0.5806244079053244,1.4109031301390984e-05,6.992683321561094e-60,309,6.84355781126701e-07
L5,10,Pctl (1%-99%),0.3,0.5805382985735497,0.0007649677794543522,0.0,2691,1.2539449219834899e-05
L10,10,Pctl (1%-99%),0.3,0.580200382825136,0.00036129163299937245,0.0,2691,5.926448523543726e-06
L10,30,Abs (200k),0.7,0.5800736162497171,6.366505321857681e-06,1.3827661144380857e-174,917,1.7907525738971003e-07
L5,90,Raw,0.7,0.5800450961725278,1.2886812390991628e-05,8.647338123567614e-60,309,6.258161506771296e-07
L5,90,Abs (200k),0.7,0.5800450961725278,1.2886812390991628e-05,8.647338123567614e-60,309,6.258161506771296e-07
L3,60,Raw,0.7,0.5799286857733061,2.3475457997811434e-05,2.6907577113526826e-88,460,9.335886260136166e-07
L3,60,Abs (200k),0.7,0.5799286857733061,2.3475457997811434e-05,2.6907577113526826e-88,460,9.335886260136166e-07
L3,60,Abs (100k),0.7,0.5799286857733061,2.3475457997811434e-05,2.6907577113526826e-88,460,9.335886260136166e-07
ALL,45,Z-Score (3),0.3,0.5794222831054804,8.110412289671027e-05,2.2379845672402593e-114,599,2.8280123351981776e-06
L50pct,10,Z-Score (3),0.3,0.5792719396228648,0.00014151837594661377,0.0,2689,2.3266898546786876e-06
ALL,15,Z-Score (3),0.3,0.5792178161470746,7.575256223194697e-05,0.0,1796,1.5243820395664113e-06
L50pct,30,Pctl (1%-99%),0.7,0.5791242424790919,2.614932742647339e-06,6.145414738907305e-171,900,7.438980798585742e-08
L10,10,Z-Score (3),0.3,0.5782445741984967,0.0003663175720139325,0.0,2684,6.040917730578434e-06
L10,20,Z-Score (3),0.5,0.5778934939477904,4.783079970819407e-05,3.569974574749121e-254,1347,1.11463742410606e-06
L10,10,Winsorized,0.5,0.5778913817096397,5.3887877594390924e-05,0.0,2747,8.790405417582912e-07
L10,20,Pctl (1%-99%),0.5,0.5774073554086617,4.753055145457986e-05,5.0329383922502714e-254,1348,1.1083326674605643e-06
ALL,30,Raw,0.7,0.5767945834681288,1.2793360295336465e-06,1.3382986249888936e-173,920,3.616831799733149e-08
ALL,90,Pctl (1%-99%),0.7,0.5766978502522727,1.40364129182978e-06,9.256788098582774e-58,301,6.954591289508571e-08
L3,90,Abs (200k),0.7,0.5761663312731862,2.134748435951926e-05,3.5580949331396914e-59,309,1.0449639422709595e-06
L3,90,Raw,0.7,0.5761663312731862,2.134748435951926e-05,3.5580949331396914e-59,309,1.0449639422709595e-06
L10,15,Pctl (1%-99%),0.5,0.5758183812071216,5.0895012876989446e-05,0.0,1797,1.0310415387932066e-06
L20,15,Z-Score (3),0.5,0.5756941685572465,2.3066954549671276e-05,0.0,1795,4.6767451036058696e-07
L5,15,Winsorized,0.5,0.5753495084322388,0.00011798925808200307,0.0,1835,2.3676155310907843e-06
ALL,5,Abs (200k),0.3,0.574916946935127,7.214110357258e-05,0.0,5431,8.41893586408389e-07
ALL,5,Abs (100k),0.3,0.574916946935127,7.214110357258e-05,0.0,5431,8.41893586408389e-07
ALL,5,Raw,0.3,0.574916946935127,7.214110357258e-05,0.0,5431,8.41893586408389e-07
L20,5,Abs (100k),0.5,0.5748928607245071,2.208543194701723e-05,0.0,5431,2.5775180684195687e-07
L20,5,Raw,0.5,0.5748928607245071,2.208543194701723e-05,0.0,5431,2.5775180684195687e-07
L20,5,Abs (200k),0.5,0.5748928607245071,2.208543194701723e-05,0.0,5431,2.5775180684195687e-07
L5,10,Z-Score (3),0.3,0.5745391218650605,0.0007662058773629188,0.0,2685,1.2729318573673493e-05
ALL,45,Raw,0.7,0.5739399838417173,1.2635218154254717e-06,1.150457897028939e-115,615,4.396981684413142e-08
L3,45,Pctl (1%-99%),0.5,0.5737929863196064,0.00018947154960399692,5.0640738221408395e-113,601,6.672111175881337e-06
L3,5,Winsorized,0.3,0.5737464027613083,0.0014584348090136909,0.0,5431,1.7060868718973675e-05
L2,5,Winsorized,0.3,0.5732764162236373,0.002301920872251894,0.0,5431,2.6953908821063467e-05
L3,60,Z-Score (3),0.5,0.5722038828648536,0.00017686623339486617,1.8988087186700735e-84,449,7.233261803556453e-06
L3,20,Pctl (1%-99%),0.5,0.5714367143383658,0.00017884944886673623,6.37795707586528e-250,1348,4.221710879992976e-06
ALL,45,Abs (100k),0.5,0.571274997068048,1.0796028252343646e-05,2.3228203968675848e-113,607,3.8023590374728014e-07
L5,5,Winsorized,0.3,0.5711874026681641,0.0008237002719056707,0.0,5431,9.686206997037426e-06
L50pct,5,Abs (100k),0.5,0.5707614984678677,1.7908632645154063e-05,0.0,5431,2.1077762538831598e-07
L50pct,5,Raw,0.5,0.5707614984678677,1.7908632645154063e-05,0.0,5431,2.1077762538831598e-07
L50pct,5,Abs (200k),0.5,0.5707614984678677,1.7908632645154063e-05,0.0,5431,2.1077762538831598e-07
L10,45,Pctl (1%-99%),0.5,0.5705916704076612,4.7876953641698785e-05,4.775784024629863e-112,601,1.697014746774312e-06
L10,20,Abs (200k),0.7,0.5705907298468896,5.8375110203143426e-06,6.141827391866813e-254,1373,1.3676732041518844e-07
L50pct,15,Z-Score (3),0.5,0.5704219688388928,1.8787011163200675e-05,0.0,1790,3.8556432758951237e-07
L50pct,90,Pctl (5%-95%),0.5,0.5702581477686435,1.960984649078266e-05,2.337338206607466e-52,277,1.0265401098091114e-06
L3,45,Abs (100k),0.7,0.5701904871907224,2.2437749959808565e-05,1.692751388398971e-114,615,7.868230873825235e-07
L3,45,Raw,0.7,0.5701904871907224,2.2437749959808565e-05,1.692751388398971e-114,615,7.868230873825235e-07
L3,45,Abs (200k),0.7,0.5701904871907224,2.2437749959808565e-05,1.692751388398971e-114,615,7.868230873825235e-07
L50pct,90,IQR (1.5x),0.5,0.5694809256808354,2.136151726908497e-05,5.518080139911505e-53,281,1.1119534399075506e-06
L10,60,Abs (200k),0.7,0.5692845043797155,6.193517870900543e-06,1.6076109367985967e-84,453,2.53676181026445e-07
ALL,45,Winsorized,0.7,0.5687230318063775,1.3703667101917164e-06,4.8177459747878135e-114,615,4.819858487119714e-08
L10,45,Abs (200k),0.7,0.5682123257030768,6.035474875872832e-06,3.727757852610601e-113,611,2.131977394024443e-07
L3,20,Z-Score (3),0.5,0.5679198741977974,0.00017554446765639576,2.9187803000781738e-248,1352,4.167339425247054e-06
L50pct,45,Z-Score (3),0.5,0.567886536655669,1.889349948613283e-05,4.780459355433183e-111,600,6.739534902002175e-07
L5,45,Abs (200k),0.7,0.5667747336875969,1.2963126502674094e-05,1.9211537045731166e-113,615,4.5775296900002446e-07
L5,45,Raw,0.7,0.5667747336875969,1.2963126502674094e-05,1.9211537045731166e-113,615,4.5775296900002446e-07
L50pct,30,Z-Score (3),0.7,0.5661095912088518,2.5394167674487984e-06,5.395157888350491e-165,900,7.418832795283678e-08
L50pct,60,Pctl (5%-95%),0.5,0.5660993547078567,1.968680350703731e-05,1.0456400106990296e-76,414,8.491324084416774e-07
ALL,20,Raw,0.7,0.5658100225378482,1.1804434680913977e-06,3.4858537781716025e-251,1376,2.789692957706835e-08
L10,30,Pctl (1%-99%),0.5,0.5657981048539593,4.985702560868702e-05,7.448358974745434e-165,900,1.4574823708283055e-06
L10,30,Z-Score (3),0.5,0.5649011915388844,5.0132888003252515e-05,2.8558520347112854e-164,899,1.469041970596682e-06
L10,20,Winsorized,0.7,0.5648411254756593,6.5584786478285745e-06,1.6133593488829935e-250,1376,1.5529966187777776e-07
L20,5,Winsorized,0.3,0.5642475720353445,0.00018053125400961054,0.0,5431,2.1531661139375005e-06
L5,60,Pctl (5%-95%),0.3,0.564069707305481,0.0007183360836960574,2.7394707139862154e-76,414,3.1111518628634587e-05
L3,20,Abs (100k),0.7,0.5638604121967465,2.2574780001065118e-05,7.581630635558601e-250,1376,5.356204036496362e-07
L3,20,Abs (200k),0.7,0.5638604121967465,2.2574780001065118e-05,7.581630635558601e-250,1376,5.356204036496362e-07
L3,20,Raw,0.7,0.5638604121967465,2.2574780001065118e-05,7.581630635558601e-250,1376,5.356204036496362e-07
L50pct,90,MAD (3),0.5,0.5638249001438178,2.0352188488635345e-05,6.470428464448488e-53,285,1.064084720623976e-06
L3,60,Pctl (5%-95%),0.3,0.5637467544541155,0.0012212995030210705,3.191861744476821e-76,414,5.292987648305362e-05
L10,5,Winsorized,0.3,0.5635671166537473,0.0003805645110632884,0.0,5431,4.545213374160683e-06
L3,45,MAD (3),0.3,0.5635138172495378,0.0012692216923563119,4.7706654367891054e-105,574,4.67059744253132e-05
L5,45,Pctl (1%-99%),0.5,0.5634479215521724,0.00010631778787799263,6.727604605625734e-110,601,3.823698671253453e-06
L3,15,Winsorized,0.5,0.5633401140401978,0.00020710645138932734,0.0,1835,4.2589123749855925e-06
L10,15,Z-Score (3),0.5,0.5629166110473808,4.994554325487547e-05,0.0,1794,1.0396516742704921e-06
L20,45,Z-Score (3),0.5,0.5622873653870859,2.3258462009814002e-05,5.163435201365141e-109,598,8.405687539617121e-07
L20,20,Pctl (1%-99%),0.7,0.5622459489185027,2.912503024625276e-06,1.0233641858028451e-243,1348,7.00480055904761e-08
L5,20,Raw,0.7,0.5620076337829387,1.2789594326811593e-05,1.3972199246008717e-248,1376,3.0459696115673985e-07
L5,20,Abs (100k),0.7,0.5620076337829387,1.2789594326811593e-05,1.3972199246008717e-248,1376,3.0459696115673985e-07
L5,20,Abs (200k),0.7,0.5620076337829387,1.2789594326811593e-05,1.3972199246008717e-248,1376,3.0459696115673985e-07
L50pct,20,Pctl (1%-99%),0.7,0.5615978796348948,2.348613627899847e-06,2.7711736610044545e-243,1348,5.656042184497458e-08
L50pct,20,Z-Score (3),0.7,0.5614322268549963,2.356783669447596e-06,5.398701545430782e-243,1347,5.6797375319999174e-08
L5,20,Pctl (1%-99%),0.5,0.561431836906333,0.00010374705188743736,3.576074552205139e-243,1348,2.499328072807652e-06
L2,45,Pctl (1%-99%),0.5,0.5611515344711187,0.00027077432045823915,3.2445910201368895e-109,601,9.783883619060087e-06
L50pct,5,Winsorized,0.3,0.5611010877538515,0.00014613893981432082,0.0,5431,1.7541540418618093e-06
ALL,30,Winsorized,0.7,0.5604240129434747,1.4093043035519307e-06,4.9929845944539395e-166,920,4.1194766896778e-08
ALL,30,Pctl (1%-99%),0.5,0.5602044884386292,1.0881223994152153e-05,2.3455010364257654e-162,900,3.2173009446875426e-07
L10,15,Winsorized,0.7,0.5601583727686464,6.827499411384544e-06,0.0,1835,1.4131009474757025e-07
L20,10,Pctl (1%-99%),0.5,0.5600399996661772,2.391467834318582e-05,0.0,2691,4.08757953666653e-07
ALL,15,Raw,0.7,0.5599964320809342,1.208749937953664e-06,0.0,1835,2.502595742466804e-08
L20,90,MAD (3),0.5,0.5594661099901618,2.487897638228528e-05,4.003430895227946e-52,284,1.3146517494677234e-06
L10,5,Raw,0.5,0.5583768994294236,4.5864155725390794e-05,0.0,5431,5.535739594600999e-07
L10,5,Abs (100k),0.5,0.5583768994294236,4.5864155725390794e-05,0.0,5431,5.535739594600999e-07
L10,5,Abs (200k),0.5,0.5583768994294236,4.5864155725390794e-05,0.0,5431,5.535739594600999e-07
L5,30,Z-Score (3),0.5,0.5583090898502044,0.00010960729562497034,3.1537413093353973e-162,904,3.2460714515088136e-06
ALL,90,Pctl (5%-95%),0.3,0.5581698701031774,7.375421801374464e-05,1.0712010580534212e-50,277,3.95699029636946e-06
L5,20,Z-Score (3),0.5,0.5573852889586429,0.00010178262047534689,1.1541142275415793e-240,1349,2.471297336718908e-06
L2,45,Raw,0.7,0.5573251163322718,3.297267325837716e-05,1.4435624334527565e-110,615,1.186894329498062e-06
L2,45,Abs (200k),0.7,0.5573251163322718,3.297267325837716e-05,1.4435624334527565e-110,615,1.186894329498062e-06
L2,45,Abs (100k),0.7,0.5573251163322718,3.297267325837716e-05,1.4435624334527565e-110,615,1.186894329498062e-06
L20,20,Abs (200k),0.7,0.5569722497367351,2.820188011145377e-06,6.37380534190588e-241,1352,6.845573914917251e-08
L50pct,10,Winsorized,0.7,0.5569234479543299,2.569343447123494e-06,0.0,2747,4.374139389941501e-08
L2,30,MAD (3),0.3,0.5569184602478282,0.0019761395812473723,1.3878530982456047e-152,853,6.042252334843538e-05
L20,15,Abs (200k),0.7,0.5561229180301112,2.8745033524318886e-06,0.0,1812,6.036281667100949e-08
L20,30,Z-Score (3),0.7,0.5558664442971709,3.0994957564881192e-06,1.2865515074720844e-160,901,9.240229641615321e-08
L50pct,90,Winsorized,1.0,0.5555342488191468,9.134847840074167e-08,5.34224412438511e-56,309,4.663326908912388e-09
ALL,45,Z-Score (3),0.5,0.5554052393928891,1.1038001166671745e-05,1.0693134330330089e-107,602,4.0317351450765196e-07
L5,10,Winsorized,0.5,0.5552428810837727,0.00011716280531590588,0.0,2747,2.0014214131595108e-06
L50pct,60,IQR (1.5x),0.5,0.5548322536798401,2.1546338469122555e-05,1.3833364451235153e-74,415,9.496847138472946e-07
L20,10,Winsorized,0.7,0.5548158491848728,3.1745451391932576e-06,0.0,2747,5.427573959329721e-08
ALL,30,Z-Score (3),0.5,0.5544293581748163,1.0800349778596334e-05,8.249163737125633e-160,900,3.230984144781269e-07
L10,90,MAD (3),0.5,0.5534245297919483,5.0976993202735965e-05,8.154793110435963e-52,287,2.7125016774296646e-06
L2,20,Z-Score (3),0.5,0.5533962842013062,0.0002681654705399632,7.299425123827818e-238,1348,6.566340104953707e-06
L2,15,Winsorized,0.5,0.5532156781842649,0.0003155842482427608,0.0,1835,6.624236178890557e-06
ALL,20,Z-Score (3),0.5,0.5529754970272839,9.94221124534351e-06,1.3762846586330203e-237,1348,2.4365379339863253e-07
L5,45,Z-Score (3),0.5,0.552828527535657,0.00010790928043728575,3.0446178991663516e-106,598,3.975369383678181e-06
L20,10,Abs (200k),0.7,0.5526851853332644,2.883181604882165e-06,0.0,2730,4.9661238318361847e-08
L20,90,Winsorized,1.0,0.5526601816939598,1.1102458673450734e-07,1.4405315946234777e-55,309,5.700850712245028e-09
L50pct,20,Abs (200k),0.7,0.5524168540708208,2.420041827238366e-06,3.9871130215378264e-235,1336,5.964147281060756e-08
L3,90,MAD (3),0.5,0.5516465606580441,0.00017963870920917628,1.9200340930012214e-52,292,9.510004495219694e-06
L3,60,Winsorized,0.7,0.5513147843861704,2.5255265166504288e-05,9.873437201759884e-82,460,1.0646092959896524e-06
L50pct,60,MAD (3),0.5,0.5512869867325282,2.0798100306633177e-05,1.4307040269185739e-74,419,9.188637167987327e-07
L2,60,Winsorized,0.7,0.5512082707878785,3.830905632432285e-05,1.0425970553404103e-81,460,1.6152259178308143e-06
L50pct,10,Pctl (1%-99%),0.5,0.551121434995185,1.90513433490887e-05,0.0,2691,3.3156675991223616e-07
L3,5,Raw,0.5,0.5509655636440743,0.00018379271614956224,0.0,5431,2.2518837734169264e-06
L3,5,Abs (100k),0.5,0.5509655636440743,0.00018379271614956224,0.0,5431,2.2518837734169264e-06
L3,5,Abs (200k),0.5,0.5509655636440743,0.00018379271614956224,0.0,5431,2.2518837734169264e-06
L20,30,Pctl (1%-99%),0.7,0.5508615851635992,3.0839043948399842e-06,2.9715143625209995e-158,900,9.292479137441523e-08
L3,30,Z-Score (3),0.5,0.5505232124995493,0.0001903446685747515,8.402629474326266e-159,904,5.7266845978597245e-06
L10,60,Z-Score (3),0.7,0.5504071858559918,6.280230394794527e-06,8.639105542452482e-80,450,2.681663015871921e-07
L5,60,Winsorized,0.7,0.5503533668544955,1.4261367238325847e-05,1.6133168521187657e-81,460,6.02342189749824e-07
L5,5,Raw,0.5,0.549953529441036,0.0001018133262134685,0.0,5431,1.250001080521442e-06
L5,5,Abs (100k),0.5,0.549953529441036,0.0001018133262134685,0.0,5431,1.250001080521442e-06
L5,5,Abs (200k),0.5,0.549953529441036,0.0001018133262134685,0.0,5431,1.250001080521442e-06
L50pct,15,Pctl (1%-99%),0.7,0.5498858368486189,2.3671544280888087e-06,0.0,1797,5.0549799476498594e-08
L20,90,IQR (1.5x),0.5,0.5494113073103577,2.551866418237513e-05,4.82809207852023e-50,280,1.3860435836099613e-06
L2,45,Winsorized,0.7,0.5493045230176763,3.791159700233664e-05,3.5706668253573766e-108,615,1.3870012556679626e-06
L50pct,90,Raw,1.0,0.5492824523624409,7.729191603748891e-08,4.584681845603907e-55,309,3.995942741084234e-09
L10,60,Pctl (1%-99%),0.7,0.5489770089373857,6.133056464183025e-06,1.7619630123718023e-79,450,2.626396059366121e-07
L2,45,MAD (3),0.3,0.54880276841205,0.0018623613509395115,1.4057674858816505e-100,572,7.072966299931458e-05
L3,45,Winsorized,0.7,0.5486471638355115,2.4817308917765798e-05,5.58489476627899e-108,615,9.091508896940387e-07
L20,15,Pctl (1%-99%),0.7,0.5484413083490157,2.953877913670895e-06,0.0,1797,6.326337236682097e-08
L10,45,Z-Score (3),0.5,0.5484107761281067,4.800153687538354e-05,8.522385720509837e-105,597,1.7857286013758222e-06
L20,20,Z-Score (3),0.7,0.548204415567417,2.8364406030099934e-06,2.607621605343506e-234,1347,7.021215094181438e-08
L3,90,Pctl (5%-95%),0.5,0.5476508297360707,0.00018836869284343023,2.747822515609044e-49,277,1.0323510436646795e-05
L2,90,Raw,0.7,0.5475793761161499,3.017647653343717e-05,8.192143743689596e-55,309,1.565478103218003e-06
L2,90,Abs (100k),0.7,0.5475793761161499,3.017647653343717e-05,8.192143743689596e-55,309,1.565478103218003e-06
L2,90,Abs (200k),0.7,0.5475793761161499,3.017647653343717e-05,8.192143743689596e-55,309,1.565478103218003e-06
ALL,90,IQR (1.5x),0.3,0.5475060898741277,7.961730703443132e-05,8.694220793306375e-50,280,4.341071892541274e-06
ALL,90,MAD (3),0.3,0.5475060898741277,7.961730703443132e-05,8.694220793306375e-50,280,4.341071892541274e-06
ALL,60,Pctl (1%-99%),0.7,0.547498502912483,1.2766724706263104e-06,3.6724658856492465e-79,450,5.483514911995101e-08
L20,10,Z-Score (3),0.5,0.5474840719226421,2.360206123902602e-05,0.0,2687,4.1410357399440945e-07
ALL,10,Winsorized,0.5,0.5473857151118487,1.0995962718443453e-05,0.0,2747,1.9084442721004733e-07
L2,20,Pctl (1%-99%),0.5,0.5469561983318464,0.0002661291606093279,1.12316616108398e-233,1348,6.6018211786438564e-06
L50pct,10,Z-Score (3),0.5,0.5467273770750983,1.916927395350479e-05,0.0,2687,3.3684325298817525e-07
L20,60,MAD (3),0.5,0.5467182408961693,2.5334414508269443e-05,5.370167560437678e-74,421,1.1269540268875718e-06
ALL,20,Pctl (1%-99%),0.5,0.5466226747932819,9.807340458352948e-06,1.8436093369060066e-233,1348,2.434528138232821e-07
L5,15,Z-Score (3),0.5,0.5460357619598792,0.00010583401877353382,3.5752034642297e-311,1803,2.2738861084960487e-06
L50pct,60,Raw,1.0,0.5454478658597971,8.063266392412789e-08,1.944365588616943e-80,460,3.4394856060088942e-09
L3,10,Winsorized,0.5,0.5451711160148547,0.00020644408048537001,0.0,2747,3.5990581158575414e-06
L5,30,Pctl (1%-99%),0.5,0.545067090229686,0.00010908248934529994,9.438793086698213e-156,900,3.3255659799171486e-06
L20,90,Raw,1.0,0.544598228130791,9.545276085838531e-08,2.251129673380294e-54,309,4.981711264750975e-09
ALL,60,MAD (3),0.3,0.5440702023892197,7.547379728474461e-05,2.545039268264656e-74,426,3.3553265283600076e-06
L3,45,Z-Score (3),0.5,0.5434828617132855,0.00018138862333315852,1.4593034353310167e-103,598,6.809614569882913e-06
L2,60,Raw,0.7,0.54325716016657,3.39384507499543e-05,5.858785452441179e-80,460,1.4540937869239538e-06
L2,60,Abs (100k),0.7,0.54325716016657,3.39384507499543e-05,5.858785452441179e-80,460,1.4540937869239538e-06
L2,60,Abs (200k),0.7,0.54325716016657,3.39384507499543e-05,5.858785452441179e-80,460,1.4540937869239538e-06
L5,45,MAD (3),0.3,0.5427521893748739,0.0007617266017176396,3.0221085242345315e-98,568,2.9387722646444178e-05
ALL,15,Pctl (1%-99%),0.5,0.5420603394200367,9.980543768739986e-06,9.616810801976742e-307,1797,2.1652212947858767e-07
L2,90,MAD (3),0.5,0.5419973029370804,0.0002744333772470542,1.376970221105544e-50,289,1.4891259670873037e-05
L50pct,45,Pctl (1%-99%),0.7,0.5419792673299646,2.41102012936509e-06,1.2037715415215498e-103,601,9.056046772481608e-08
L2,20,Abs (100k),0.7,0.5419531275035876,3.4079596867776365e-05,3.241432553888684e-235,1376,8.452305388869235e-07
L2,20,Abs (200k),0.7,0.5419531275035876,3.4079596867776365e-05,3.241432553888684e-235,1376,8.452305388869235e-07
L2,20,Raw,0.7,0.5419531275035876,3.4079596867776365e-05,3.241432553888684e-235,1376,8.452305388869235e-07
L20,90,Pctl (5%-95%),0.5,0.5418784195612223,2.5426524311547968e-05,1.5793031784777213e-48,277,1.4098084155737168e-06
L5,45,Winsorized,0.7,0.5417698372345066,1.4137006722384018e-05,5.789963458924994e-106,615,5.251237401810074e-07
ALL,10,Pctl (1%-99%),0.3,0.5416722933652698,7.540144170069127e-05,0.0,2691,1.3375314224878621e-06
L5,30,Abs (200k),0.7,0.5416341345157588,1.3035325025284908e-05,1.1209338520673314e-157,920,3.95779818276171e-07
L5,30,Raw,0.7,0.5416341345157588,1.3035325025284908e-05,1.1209338520673314e-157,920,3.95779818276171e-07
ALL,45,Pctl (1%-99%),0.5,0.5415717058203863,1.0657129201663987e-05,1.571797085820258e-103,601,4.006217683702285e-07
L20,45,Z-Score (3),0.7,0.5414162390715899,2.957515088298761e-06,1.7400510883403298e-103,601,1.1121343497921022e-07
L50pct,45,Z-Score (3),0.7,0.5413964338450455,2.3724152231645207e-06,1.7627359541289938e-103,601,8.921508822868257e-08
L20,60,Raw,1.0,0.5398142715054925,1.0040949249489492e-07,3.2812350224261206e-79,460,4.331979820638532e-09
L5,90,MAD (3),0.5,0.5396941918420011,0.00010694288136209262,1.300141271396297e-50,291,5.809681380007639e-06
L10,10,Raw,0.7,0.5393524120102602,5.851622906264522e-06,0.0,2747,1.0321747838825767e-07
L10,10,Abs (200k),0.7,0.5393524120102602,5.851622906264522e-06,0.0,2747,1.0321747838825767e-07
L20,45,Pctl (1%-99%),0.7,0.5392982250405758,2.9283172363511433e-06,6.930609987192009e-103,601,1.1058600264190856e-07
ALL,60,Z-Score (3),0.7,0.5387852511415622,1.255166401487179e-06,2.653642578552772e-77,450,5.4866346581105055e-08
L10,30,MAD (3),0.3,0.5387320616226083,0.00037188282836304697,1.2512825643820344e-143,844,1.185878793266286e-05
L50pct,10,Abs (200k),0.7,0.53824393863158,2.3413639189568892e-06,0.0,2715,4.163520939900832e-08
L3,30,Pctl (1%-99%),0.5,0.5378102992297712,0.0001900369091271097,1.1581133861664896e-152,900,5.87889040701796e-06
L50pct,60,Winsorized,1.0,0.5377269603033961,9.238090391787418e-08,9.267294861234747e-79,460,4.002375629241317e-09
L2,45,Z-Score (3),0.5,0.537720068997313,0.0002683159757163397,6.165046521569453e-102,598,1.0190554097288356e-05
L10,45,MAD (3),0.3,0.5374797176718756,0.0003621765348735648,1.6871344542272528e-96,566,1.4147024581850544e-05
L10,20,Abs (100k),0.7,0.5372791641244643,5.944275482062977e-06,5.29877405091965e-229,1357,1.4986106309407393e-07
L2,10,Winsorized,0.5,0.5371468023620786,0.0003184161156466568,0.0,2747,5.6415572872606635e-06
L10,15,Abs (100k),0.7,0.5371354980423917,6.142363991719574e-06,6.405985314213742e-306,1817,1.3383886477513395e-07
L20,30,MAD (3),0.3,0.5365931609182125,0.0001787691042547264,2.7919356575884396e-142,841,5.735484844986379e-06
L2,90,Pctl (5%-95%),0.5,0.5364020426937212,0.0002785856022651708,8.132931220688692e-48,277,1.5617728404306503e-05
L5,90,Abs (100k),0.7,0.5362621112165684,1.3583041837974683e-05,2.528257932408477e-52,304,7.268441516441621e-07
L2,5,Abs (100k),0.5,0.5356193716079077,0.0002884029331305731,0.0,5431,3.6445898533187137e-06
L2,5,Abs (200k),0.5,0.5356193716079077,0.0002884029331305731,0.0,5431,3.6445898533187137e-06
L2,5,Raw,0.5,0.5356193716079077,0.0002884029331305731,0.0,5431,3.6445898533187137e-06
L20,15,Z-Score (3),0.7,0.5355701903249709,2.9258757818707244e-06,2.0151760560217428e-300,1792,6.439931000941844e-08
L5,15,Abs (200k),0.7,0.5353857850752831,1.2973189497691806e-05,1.9771099755317427e-307,1835,2.8227886188839373e-07
L5,15,Abs (100k),0.7,0.5353857850752831,1.2973189497691806e-05,1.9771099755317427e-307,1835,2.8227886188839373e-07
L5,15,Raw,0.7,0.5353857850752831,1.2973189497691806e-05,1.9771099755317427e-307,1835,2.8227886188839373e-07
L20,60,Winsorized,1.0,0.5352527532339894,1.1694456501151486e-07,3.153754861696709e-78,460,5.091857741871314e-09
L10,10,Pctl (1%-99%),0.5,0.5352233300030131,5.0418529353038085e-05,0.0,2691,9.060442628098636e-07
L50pct,15,Abs (200k),0.7,0.5349998853095711,2.3824445346647792e-06,4.107034600287192e-299,1787,5.257186379023415e-08
L50pct,15,Z-Score (3),0.7,0.5349998853095711,2.3824445346647792e-06,4.107034600287192e-299,1787,5.257186379023415e-08
L50pct,30,MAD (3),0.3,0.5347482349065205,0.00014551640913457132,6.881887850119923e-142,843,4.680403615896577e-06
L5,15,Pctl (1%-99%),0.5,0.5344459952762994,0.00010493754110278087,2.5931052381934645e-300,1797,2.3117016179904298e-06
L10,20,MAD (3),0.3,0.5340316229625166,0.0003217309662853921,1.6145959132544427e-208,1246,8.520741851372422e-06
L3,15,Raw,0.7,0.5336747696911436,2.2841829756870727e-05,5.752330406340572e-306,1835,4.987188447302496e-07
L3,15,Abs (100k),0.7,0.5336747696911436,2.2841829756870727e-05,5.752330406340572e-306,1835,4.987188447302496e-07
L3,15,Abs (200k),0.7,0.5336747696911436,2.2841829756870727e-05,5.752330406340572e-306,1835,4.987188447302496e-07
L3,90,IQR (1.5x),0.5,0.5331806749049562,0.00018271401512708378,3.1398718204915292e-49,288,1.0109415764582936e-05
L20,60,Pctl (5%-95%),0.5,0.5327057584088084,2.536882333214139e-05,4.631239626555632e-70,414,1.1705857553996784e-06
L3,30,MAD (3),0.3,0.5326821048658823,0.00122117301108395,3.1398279690650514e-143,856,3.9139963335376224e-05
L20,30,Abs (200k),0.7,0.5326214610517612,3.0041756110095902e-06,1.1745268288763358e-149,895,9.417261694232519e-08
ALL,60,IQR (1.5x),0.3,0.531540002118673,7.703516069667986e-05,1.69174932421386e-70,418,3.5457703712153698e-06
L20,45,MAD (3),0.3,0.5315197644497165,0.00018218750113263509,6.274999498686912e-95,566,7.20219630917486e-06
L20,60,IQR (1.5x),0.5,0.5312302220283398,2.4871611225761895e-05,1.2983425284136646e-69,413,1.1524482285421534e-06
L10,60,MAD (3),0.5,0.5311675137596146,5.218615534765535e-05,2.042892165303441e-71,424,2.3866688943945263e-06
L2,5,Z-Score (3),0.3,0.5311627545768773,0.002000537794835081,0.0,5323,2.576602220712366e-05
L50pct,30,Winsorized,1.0,0.5310979290915305,9.552332950622095e-08,3.8379965567024234e-153,920,2.962387608261358e-09
L2,5,Pctl (1%-99%),0.3,0.5308590932859489,0.002001610330351923,0.0,5321,2.5800407152874428e-05
ALL,5,Winsorized,0.3,0.5299948739581434,7.682288766088332e-05,0.0,5431,9.81852317368695e-07
ALL,20,Winsorized,0.7,0.5296099426012427,1.2732216687161765e-06,2.8141513780386656e-227,1376,3.237141300890106e-08
ALL,10,Z-Score (3),0.3,0.52959291857111,7.484765227837775e-05,0.0,2686,1.3616101105187463e-06
L5,90,Pctl (5%-95%),0.5,0.5286959323471574,0.0001081286771242218,7.903193093967834e-47,277,6.1563336980259445e-06
L3,15,Z-Score (3),0.5,0.5284450283009053,0.00018143954260340387,1.2634596754551021e-296,1805,4.036457042237593e-06
L5,90,IQR (1.5x),0.5,0.5283528308704984,0.00011078873677376618,4.262747689541395e-48,285,6.22227196510665e-06
L20,5,Winsorized,0.5,0.5281162361698672,2.3936669281756737e-05,0.0,5431,3.0708355262835036e-07
L50pct,90,Pctl (1%-99%),1.0,0.5280662651873044,9.685032489046865e-08,1.1125766109643077e-50,301,5.294949069356313e-09
ALL,5,Raw,0.5,0.5277545641538155,9.366125925168074e-06,0.0,5431,1.2024525766794563e-07
ALL,5,Abs (100k),0.5,0.5277545641538155,9.366125925168074e-06,0.0,5431,1.2024525766794563e-07
ALL,5,Abs (200k),0.5,0.5277545641538155,9.366125925168074e-06,0.0,5431,1.2024525766794563e-07
ALL,15,Z-Score (3),0.5,0.5276697606856273,9.818743175391176e-06,1.629331255857014e-294,1796,2.1932414912619933e-07
L5,20,Winsorized,0.7,0.5274379839642861,1.4350329037401793e-05,6.678863285660569e-226,1376,3.664478657814744e-07
L50pct,5,Winsorized,0.5,0.5272992803270772,1.9453414658627443e-05,0.0,5431,2.499772382758461e-07
ALL,15,Winsorized,0.7,0.5266890805433242,1.295086853403766e-06,4.7984301952910705e-300,1835,2.8675682753198584e-08
ALL,10,Raw,0.7,0.5265535720279317,1.1883221928164584e-06,0.0,2747,2.1506868221834203e-08
L3,30,Abs (200k),0.7,0.5264499131134921,2.2280630649044353e-05,3.5666122372431316e-151,920,6.974459710870078e-07
L3,30,Raw,0.7,0.5264499131134921,2.2280630649044353e-05,3.5666122372431316e-151,920,6.974459710870078e-07
L3,30,Abs (100k),0.7,0.5264499131134921,2.2280630649044353e-05,3.5666122372431316e-151,920,6.974459710870078e-07
L20,90,Pctl (1%-99%),1.0,0.5264207476315768,1.2025793235298775e-07,1.874951878523357e-50,301,6.596415042282909e-09
L2,30,Z-Score (3),0.5,0.5261327056543407,0.00028930426968182683,5.911004296246387e-148,901,9.157052735677742e-06
L3,45,IQR (1.5x),0.3,0.5259012162087278,0.0012392474458242154,8.124221107112174e-93,562,4.972174386113355e-05
L10,60,IQR (1.5x),0.5,0.5258347598432871,5.3742752253939616e-05,2.1093872020938656e-69,418,2.5021506226546703e-06
L10,10,Z-Score (3),0.5,0.5256927892477306,4.901268979155206e-05,0.0,2687,8.984631006493288e-07
L3,20,Winsorized,0.7,0.5256696762702684,2.543111313016687e-05,8.705589213927268e-225,1376,6.517124022965382e-07
ALL,60,Pctl (5%-95%),0.3,0.5249927600024937,7.660954448832771e-05,1.3597354818799453e-68,414,3.5901097856070384e-06
L5,10,Z-Score (3),0.5,0.524470359818423,0.00010778751934653026,0.0,2690,1.979621519929828e-06
L20,5,Raw,0.7,0.5238309914667847,2.6105608605322153e-06,0.0,5431,3.377993970635661e-08
L20,90,Z-Score (3),1.0,0.5228802484042164,1.1738641412145576e-07,3.95023778454651e-50,302,6.473956667727211e-09
L2,45,IQR (1.5x),0.3,0.5226407846317144,0.001907185547656148,1.165367822031322e-91,560,7.71608235860272e-05
L10,10,Winsorized,0.7,0.5223040422950133,6.607544643710784e-06,0.0,2747,1.206099177656785e-07
L2,30,Pctl (1%-99%),0.5,0.5222997958334399,0.0002894900982038895,3.210461788005596e-146,900,9.238752454629783e-06
L10,20,Pctl (1%-99%),0.7,0.5221835720770195,6.026922296695256e-06,4.1767256778090704e-218,1348,1.571418995237873e-07
L10,20,Z-Score (3),0.7,0.5221835720770195,6.026922296695256e-06,4.1767256778090704e-218,1348,1.571418995237873e-07
L10,20,Pctl (5%-95%),0.3,0.5217892942721886,0.00032017668620362396,3.173207449619775e-200,1238,8.718515321874359e-06
L3,5,Pctl (1%-99%),0.3,0.5217252174594543,0.0012627039158652922,0.0,5321,1.6576939758178504e-05
L50pct,20,Winsorized,1.0,0.5216979324509806,9.004574019921817e-08,2.687327579277188e-222,1376,2.3260089281489178e-09
L2,30,Pctl (5%-95%),0.3,0.5215114139185286,0.001893138113346481,2.350554636053432e-134,828,6.309517621179203e-05
L10,5,Winsorized,0.5,0.5210610391808393,5.0414287037388306e-05,0.0,5431,6.559783287861773e-07
L5,5,Z-Score (3),0.3,0.520523688785761,0.0007170304866380698,0.0,5321,9.43595703036554e-06
L3,5,Z-Score (3),0.3,0.5202947689165901,0.0012570956336135232,0.0,5322,1.654912358627277e-05
L20,20,Winsorized,1.0,0.5202776476235357,1.1336892508764828e-07,2.0632810427011103e-221,1376,2.9368249145316713e-09
L20,30,IQR (1.5x),0.3,0.5200738852904421,0.0001828827649288508,1.6950160745698351e-133,826,6.120175004888854e-06
L50pct,5,Raw,0.7,0.5198303306039395,2.1066882736198035e-06,0.0,5431,2.7479378814429017e-08
L20,30,Pctl (5%-95%),0.3,0.5197864966156566,0.00017798522431834634,1.0406791797606774e-133,828,5.952489173643329e-06
L5,5,Pctl (1%-99%),0.3,0.5191940341391821,0.0007152399322593165,0.0,5321,9.437497190475596e-06
L10,30,IQR (1.5x),0.3,0.5191746051732354,0.00035696655626419,7.639214520614612e-133,824,1.1981980226626243e-05
L50pct,45,MAD (3),0.3,0.5190810984695279,0.00014985354420924289,1.4838531394220762e-91,565,6.078985917013785e-06
L2,60,MAD (3),0.5,0.518999035767208,0.000264743612351598,5.089590019504532e-70,430,1.231950629726731e-05
L3,15,Pctl (1%-99%),0.5,0.5187017807435892,0.00018203692449517695,2.4207962627175017e-287,1797,4.1388102978869024e-06
L20,45,Winsorized,1.0,0.5186075425084987,1.1110948009622959e-07,2.1676541773326257e-99,615,4.3236557145658886e-09
L20,30,Winsorized,1.0,0.5183712785990795,1.1825521367325012e-07,8.46493926773821e-148,920,3.762137637267714e-09
L20,45,Raw,1.0,0.5178685654402801,1.0085477168941076e-07,3.4711851240032615e-99,615,3.930421820882838e-09
L10,5,Z-Score (3),0.3,0.5177335398483277,0.00032790435394312785,0.0,5325,4.3376981750481935e-06
L10,15,Pctl (1%-99%),0.7,0.5177259715167936,6.373783471268061e-06,1.492193701966246e-286,1797,1.4519847021104814e-07
L10,30,Pctl (5%-95%),0.3,0.5174807019513178,0.00034762505722361593,7.541360167720939e-133,828,1.1679689949284497e-05
L10,10,Abs (100k),0.7,0.5169377582756554,5.9927524290107494e-06,0.0,2733,1.108531159643419e-07
L5,30,MAD (3),0.3,0.5169159556092384,0.0007379533600257146,3.1988951061784404e-134,838,2.4673295136621708e-05
L2,45,Z-Score (3),0.7,0.5168304742984385,3.6375009822079114e-05,3.7032049859150414e-97,604,1.4334435154594765e-06
L10,45,Z-Score (3),0.7,0.5167711850044373,6.434673647821378e-06,1.470623070164553e-95,594,2.557366306044281e-07
L50pct,90,IQR (1.5x),0.7,0.5165708022547629,2.817644950644854e-06,1.1327090374341485e-44,273,1.6557819065172137e-07
L2,20,Pctl (5%-95%),0.3,0.5165548003415555,0.001829218451123756,2.6641519737201955e-197,1238,5.0335195910969486e-05
L10,60,Pctl (5%-95%),0.5,0.5165524631428086,5.396246542392387e-05,5.1601325441387806e-67,414,2.571938815975326e-06
L50pct,60,Z-Score (3),1.0,0.5159379544699321,1.0059079511084482e-07,2.836323064673892e-72,448,4.613628155235113e-09
L10,30,Pctl (1%-99%),0.7,0.5157461514139736,6.456888120301616e-06,1.466643021487e-143,900,2.0878708724987085e-07
L5,20,Pctl (1%-99%),0.7,0.5154191700839561,1.3545289105486733e-05,5.400408221535728e-214,1348,3.579880914447539e-07
L50pct,30,Raw,1.0,0.5151683576028976,8.084327318839904e-08,1.7792280440003176e-146,920,2.588471790558641e-09
L10,45,Pctl (5%-95%),0.3,0.515114003892921,0.00037316192603110607,1.170039774879337e-88,553,1.542373905027345e-05
L2,30,IQR (1.5x),0.3,0.515090623609112,0.0018798809633797698,8.358660896872354e-132,827,6.350264934271072e-05
L5,20,Z-Score (3),0.7,0.5149808224108627,1.335980219659846e-05,6.9120031963245564e-214,1349,3.532646306424201e-07
L2,20,MAD (3),0.3,0.5147985944930141,0.0018432614058063422,3.162460359775577e-195,1231,5.104501518474096e-05
L5,60,Abs (100k),0.7,0.5144638192962346,1.2456764822473924e-05,2.1455542225318517e-73,457,5.673263392980339e-07
L10,5,Pctl (1%-99%),0.3,0.5143269348340033,0.00032583132090526943,0.0,5321,4.341404068964994e-06
L50pct,90,Z-Score (3),1.0,0.514280154552177,9.348426959960705e-08,5.806936038401378e-49,302,5.245307497222947e-09
L5,45,Abs (100k),0.7,0.5142614344049569,1.2767794530374505e-05,1.454721258750591e-97,611,5.028246422738881e-07
L50pct,45,Raw,1.0,0.5137472251903867,8.178992083652984e-08,4.7339484383511214e-98,615,3.2138518443002985e-09
L50pct,15,Winsorized,1.0,0.5134975034057817,9.018358642711463e-08,4.248896514965101e-289,1835,2.0503105118852494e-09
L50pct,10,Pctl (1%-99%),0.7,0.5132610308054958,2.3558356872178432e-06,0.0,2691,4.4241364018641073e-08
L20,5,Pctl (1%-99%),0.3,0.513229711978455,0.0001548347000106373,0.0,5321,2.067566263846876e-06
L20,20,MAD (3),0.3,0.5130133104903973,0.00015623341593599664,1.183519094427071e-195,1240,4.326212371881204e-06
L5,30,Winsorized,0.7,0.5127579561722618,1.4881640926987212e-05,1.737160506575906e-145,920,4.787906437060014e-07
L10,45,Pctl (1%-99%),0.7,0.5125320014031409,5.976471310873464e-06,1.57528937284517e-95,601,2.381463828758493e-07
L20,20,Raw,1.0,0.5123140393296401,9.368851048606521e-08,1.698844935098318e-216,1376,2.4660107532240846e-09
ALL,60,MAD (3),0.5,0.5122582146763253,1.0218972247070119e-05,4.251709099797085e-68,426,4.8425577367648e-07
L50pct,45,Winsorized,1.0,0.5122250345815239,9.139334780357073e-08,1.2356948933349637e-97,615,3.602165828745074e-09
L20,15,Winsorized,1.0,0.5118875542475629,1.1545424415848248e-07,8.789378114814766e-288,1835,2.6333059799561765e-09
L5,10,Pctl (1%-99%),0.5,0.5117779943370931,0.00010733388308207105,0.0,2691,2.021665554358845e-06
L10,15,Z-Score (3),0.7,0.5114914224656895,6.36716886754706e-06,3.1214838772843556e-281,1795,1.469512019817017e-07
L3,20,MAD (3),0.3,0.5109920527919289,0.0011817002776958539,2.5699189811351816e-195,1245,3.2788583790241983e-05
L20,10,Pctl (1%-99%),0.7,0.5109037837386179,2.9001705706919077e-06,0.0,2691,5.472121506035629e-08
L10,90,IQR (1.5x),0.5,0.5108032074951311,5.022662565656283e-05,4.593542809684418e-45,280,2.94799401062574e-06
L2,45,Pctl (5%-95%),0.3,0.5107900758452236,0.0019333404706603976,1.355940966764067e-87,553,8.060443657859436e-05
L20,20,Pctl (5%-95%),0.3,0.510642087741141,0.00015615590957243283,4.905655095236441e-194,1238,4.348146746818866e-06
L50pct,30,IQR (1.5x),0.3,0.5102138015640175,0.00014511540602668905,1.0651743848573323e-129,825,4.956108141861189e-06
L5,15,Winsorized,0.7,0.5101599368573091,1.4652604052820179e-05,2.2438180139075407e-286,1835,3.3535714039798405e-07
L2,20,Winsorized,0.7,0.5101234385424106,3.7880134441369356e-05,3.70052569707921e-215,1376,1.001437468821304e-06
L5,5,Winsorized,0.5,0.5097549553198089,0.00011140745915641956,0.0,5431,1.4827919746929643e-06
L2,90,MAD (3),0.7,0.5096184725750649,3.845299991936401e-05,5.2502434428476536e-46,287,2.2343554684406765e-06
L20,45,Pctl (5%-95%),0.3,0.5095230222320968,0.0001861762253178946,2.76862623997723e-87,553,7.781724101966125e-06
L5,30,Abs (100k),0.7,0.5094677671444596,1.282932818785473e-05,7.809065724861032e-144,918,4.1594087110274953e-07
L5,30,Pctl (5%-95%),0.3,0.5094260517657875,0.0007309054988769097,7.083129788339371e-130,828,2.4956453617267944e-05
L50pct,30,Abs (200k),0.7,0.5094232939736676,2.5024512264078405e-06,2.6059727326538133e-137,876,8.306612799428914e-08
L20,5,Z-Score (3),0.3,0.5093805128453076,0.00015450436697613833,0.0,5316,2.0800856498885665e-06
L2,15,Z-Score (3),0.5,0.5089049284791195,0.00028310854089890245,2.4942407238106083e-279,1796,6.566080631693765e-06
ALL,45,Z-Score (3),0.7,0.5088639159001247,1.29660430694366e-06,1.045302737943575e-94,602,5.200342269920164e-08
L50pct,10,Z-Score (3),0.7,0.5084954125403177,2.3514650356654055e-06,0.0,2688,4.4607284862098886e-08
L20,10,Z-Score (3),0.7,0.5079760686304244,2.901612645880317e-06,0.0,2689,5.50905475877407e-08
L50pct,30,Pctl (5%-95%),0.3,0.5079274784426773,0.0001424008092258777,2.499971415087582e-129,828,4.876813373537495e-06
L5,20,MAD (3),0.3,0.5076184839207811,0.0006801809175153505,5.359373004824394e-193,1242,1.9023733695067026e-05
L2,15,Raw,0.7,0.5074449090182996,3.398595087349574e-05,3.5662446761264404e-284,1835,7.820799444753968e-07
L2,15,Abs (200k),0.7,0.5074449090182996,3.398595087349574e-05,3.5662446761264404e-284,1835,7.820799444753968e-07
L2,15,Abs (100k),0.7,0.5074449090182996,3.398595087349574e-05,3.5662446761264404e-284,1835,7.820799444753968e-07
L3,90,Z-Score (3),0.7,0.507414621877299,2.1770987951816784e-05,2.3562886396281863e-48,304,1.2343375333996294e-06
L50pct,20,Raw,1.0,0.506862229988814,7.457095144124528e-08,3.542546519164396e-213,1376,1.9843372560135743e-09
L50pct,5,Pctl (1%-99%),0.3,0.5067623358931364,0.00012526139032471945,0.0,5321,1.6944477603935195e-06
L10,30,Z-Score (3),0.7,0.5066452166528098,6.3626389375285e-06,9.006729889522604e-140,899,2.0963739559279388e-07
L3,10,Raw,0.7,0.5054225078514919,2.2883038337392273e-05,0.0,2747,4.320483975187265e-07
L3,10,Abs (100k),0.7,0.5054225078514919,2.2883038337392273e-05,0.0,2747,4.320483975187265e-07
L3,10,Abs (200k),0.7,0.5054225078514919,2.2883038337392273e-05,0.0,2747,4.320483975187265e-07
ALL,30,Z-Score (3),0.7,0.5048035862577054,1.3010680196884864e-06,2.373497560443548e-139,901,4.297814688032696e-08
L5,10,Abs (200k),0.7,0.5047433921138303,1.2866437011796083e-05,0.0,2747,2.432578938143263e-07
L5,10,Abs (100k),0.7,0.5047433921138303,1.2866437011796083e-05,0.0,2747,2.432578938143263e-07
L5,10,Raw,0.7,0.5047433921138303,1.2866437011796083e-05,0.0,2747,2.432578938143263e-07
L50pct,5,Z-Score (3),0.3,0.5046398448429332,0.000124714875985602,0.0,5317,1.6948699942071202e-06
L10,90,Pctl (5%-95%),0.5,0.5041668561851965,5.055891584871764e-05,8.663667855602646e-44,277,3.023514367321367e-06
L50pct,90,MAD (3),0.7,0.5041555418164809,2.5675881678354148e-06,3.0182267988784273e-44,280,1.5271912490232845e-07
L20,60,Abs (200k),0.7,0.5039714565031044,3.157751111832242e-06,6.226545543593805e-66,422,1.5286343545173866e-07
ALL,90,Pctl (5%-95%),0.5,0.5029225837150546,1.073272501822454e-05,1.2243247182614067e-43,277,6.434356249499902e-07
L2,15,Pctl (1%-99%),0.5,0.5023150441117206,0.0002796035582002446,2.7592786502571647e-274,1797,6.569005587824906e-06
L20,30,Raw,1.0,0.5021978768574387,9.803718510775494e-08,3.300213889073319e-141,920,3.2215170084115018e-09
L3,20,Pctl (5%-95%),0.3,0.5019580172134348,0.001166159061893681,2.603281577833151e-189,1238,3.304059314662038e-05
L3,5,Winsorized,0.5,0.5018165180129278,0.00020179333217275997,0.0,5431,2.7287834758784904e-06
L20,90,Abs (200k),0.7,0.5017801501903969,3.2368053268730793e-06,1.6806225000012425e-43,277,1.9449301462260452e-07
L2,90,Z-Score (3),0.7,0.5017398987763273,3.262569158548072e-05,1.3359902210115182e-47,304,1.8708759490719333e-06
L50pct,30,Z-Score (3),1.0,0.501429331960893,1.0470208636129419e-07,2.0325043407751212e-137,897,3.4898142589740313e-09
L10,20,IQR (1.5x),0.3,0.5013577241198017,0.000325105976641094,1.6541629242622662e-185,1215,9.309261843779828e-06
L50pct,60,IQR (1.5x),0.7,0.5012185195519878,2.7199645421311403e-06,4.616065040367295e-64,413,1.3383938639433223e-07
ALL,90,MAD (3),0.5,0.5011314363949282,1.0989313006797665e-05,2.4703724943623895e-44,283,6.540856612399252e-07
L3,45,Pctl (5%-95%),0.3,0.5005409003503524,0.0012400337668596526,4.143792252845252e-85,553,5.2770096909555445e-05
L50pct,60,MAD (3),0.7,0.5005241713048855,2.628963547108728e-06,1.52637932215198e-64,417,1.289155264105555e-07
L20,5,Abs (200k),0.7,0.50016477164451,2.6180400815556284e-06,0.0,5421,3.555278257220162e-08
L10,45,IQR (1.5x),0.3,0.5000544870739463,0.0003759605927485216,4.361869120908804e-84,547,1.61026275396891e-05
ALL,90,IQR (1.5x),0.5,0.4999448930299014,1.0575261215554894e-05,1.3908438454570748e-43,279,6.354758991585209e-07
L50pct,45,Pctl (5%-95%),0.3,0.49973023076484857,0.00015144551675418875,6.483212826562814e-85,553,6.455277858430338e-06
L3,60,Pctl (1%-99%),0.7,0.49898359347837923,2.35834150263375e-05,3.110915007740079e-69,450,1.1164789197872723e-06
L5,45,IQR (1.5x),0.3,0.4989538190403143,0.0007200515875758924,9.946579933470037e-85,553,3.0739479918651726e-05
L50pct,60,Abs (200k),0.7,0.4989522031911628,2.7355420654292788e-06,2.349720975643168e-63,411,1.355476053550683e-07
L20,45,IQR (1.5x),0.3,0.498824901265433,0.00018576514102814498,3.0179122219813634e-84,550,7.954165482703572e-06
ALL,30,Pctl (1%-99%),0.7,0.49839072293374154,1.2781484208204067e-06,1.0965997297602495e-136,900,4.2789865814538806e-08
L3,90,Pctl (1%-99%),0.7,0.49835141663701465,2.23526996543927e-05,1.0550467284333924e-46,301,1.2969592622787902e-06
L20,15,Raw,1.0,0.49828808225973287,9.644552451969097e-08,7.72315876415455e-277,1835,2.2604130478900204e-09
L50pct,15,Raw,1.0,0.49788663719925436,7.604758583237605e-08,1.608151196867515e-276,1835,1.7837740999915373e-09
L3,30,IQR (1.5x),0.3,0.4977862640977222,0.0012143451546863821,2.2955784992694707e-125,826,4.249143299076777e-05
ALL,60,Pctl (5%-95%),0.5,0.49552961763432424,1.0557585822391249e-05,3.3867287128933306e-63,414,5.248063010445766e-07
L2,60,Pctl (1%-99%),0.7,0.495160231182935,3.599815308163625e-05,1.7143701670150664e-68,450,1.717295822829467e-06
L20,15,Pctl (5%-95%),0.3,0.4951448728456045,0.00017224352608296583,5.08900398193152e-247,1651,4.283017236397092e-06
L2,20,IQR (1.5x),0.3,0.494874367897916,0.0018270319264030099,4.207739848393657e-182,1215,5.299903468234091e-05
L3,30,Pctl (5%-95%),0.3,0.4944700229695658,0.0012256666586671484,1.7506096454050494e-124,828,4.3120701904446675e-05
L3,60,MAD (3),0.5,0.4944193195622295,0.00017327025775117172,1.5865072448033454e-65,431,8.459464925291979e-06
L2,45,Pctl (1%-99%),0.7,0.4941646656253046,3.592138589474694e-05,1.037808708255801e-90,601,1.4849383037665948e-06
L50pct,5,Winsorized,0.7,0.49414029071677995,2.3357923702248955e-06,0.0,5431,3.207481990189765e-08
L50pct,90,Pctl (5%-95%),0.7,0.4941004400824831,2.5478525742341795e-06,1.3874646051153633e-42,277,1.5546494532539902e-07
ALL,20,Pctl (1%-99%),0.7,0.4941004076282282,1.16146947835159e-06,2.115406095701661e-201,1348,3.2033901097865114e-08
L50pct,20,Z-Score (3),1.0,0.49375079692608514,9.071388173083885e-08,1.3163727386455052e-200,1344,2.507412374055855e-09
L5,30,IQR (1.5x),0.3,0.4937496924282391,0.0007076952116646837,1.7349985392588874e-123,823,2.5009436674427284e-05
L20,5,Winsorized,0.7,0.49332743563429365,2.889404936094844e-06,0.0,5431,3.9741526935579377e-08
ALL,10,Winsorized,0.7,0.4932705382189908,1.2621591261456242e-06,0.0,2747,2.4416782053065886e-08
L50pct,5,Abs (200k),0.7,0.493119033210436,2.166086981484262e-06,0.0,5409,2.9865845669565997e-08
L3,20,IQR (1.5x),0.3,0.49300972319652087,0.0011883389067069616,1.9954648370973661e-181,1217,3.4571979776831544e-05
L20,20,MAD (3),0.5,0.49289381831797463,2.1682236175189618e-05,9.225241746432163e-185,1240,6.250525265148746e-07
L50pct,30,MAD (3),0.5,0.4928305727728505,2.0257421483138666e-05,8.03086216295114e-126,841,7.094648705671588e-07
L2,90,Pctl (1%-99%),0.7,0.4927282098561155,3.336956423912249e-05,5.6163086445747045e-46,301,1.958085192923547e-06
L2,90,IQR (1.5x),0.5,0.492402602678382,0.00024128386493189102,4.008240764760367e-43,282,1.4640259968160303e-05
L5,20,Pctl (5%-95%),0.3,0.4921404226914102,0.0006657104993719085,4.560484371267047e-184,1238,1.9235499822141376e-05
L3,10,Pctl (1%-99%),0.5,0.49200151601331144,0.00018327717548561343,0.0,2691,3.591376774783367e-06
ALL,10,Pctl (1%-99%),0.5,0.49194069139204144,9.818459845761035e-06,0.0,2691,1.924193751790022e-07
L50pct,60,Pctl (1%-99%),1.0,0.49179028682977755,9.387065274602872e-08,7.634847429151333e-68,450,4.508398929615457e-09
L2,10,Pctl (1%-99%),0.5,0.4915133048692774,0.00029009342715980536,0.0,2691,5.690031169770946e-06
ALL,60,IQR (1.5x),0.5,0.4913981864886346,1.0601021818661553e-05,2.5622168518457305e-62,413,5.319845197690232e-07
ALL,90,Winsorized,1.0,0.4909963287741399,4.2455380810661115e-08,6.204308804941265e-47,309,2.4670894033043014e-09
L50pct,60,Pctl (5%-95%),0.7,0.4909621277062695,2.604174734092968e-06,2.1784246081819343e-62,414,1.3063891484917611e-07
ALL,45,Pctl (1%-99%),0.7,0.49024817999250686,1.2600543864524227e-06,1.0496520573155948e-89,601,5.24985461795647e-08
L20,90,MAD (3),0.7,0.4902258242683231,3.0743465072408887e-06,1.4396244887846392e-42,280,1.880274428776498e-07
L5,45,Pctl (5%-95%),0.3,0.49004775537319495,0.0007041288249559417,1.2871049013086217e-82,553,3.060003165265738e-05
L3,30,Winsorized,0.7,0.489895800658318,2.5506023099966e-05,2.456365485123341e-136,920,8.590115417864124e-07
L20,20,Pctl (5%-95%),0.5,0.48955390248976277,2.1222044347552172e-05,1.0558650671471092e-182,1238,6.163858606809966e-07
L50pct,30,Pctl (5%-95%),0.5,0.489358868284925,2.004964191523209e-05,1.1214557537290132e-122,828,7.126245213556112e-07
L5,10,Winsorized,0.7,0.48907047145603116,1.4623567782525979e-05,0.0,2747,2.8528369338931755e-07
L5,90,Z-Score (3),0.7,0.48904329438061295,1.2892977031836037e-05,1.6633987542075178e-45,301,7.621422050748126e-07
L2,60,Pctl (5%-95%),0.5,0.4889579482674115,0.0002691872825532877,4.904220731285124e-62,414,1.3558089429578415e-05
L20,60,Z-Score (3),1.0,0.48853800138177456,1.1888055095673347e-07,3.1974231155175214e-67,450,5.746842729086864e-09
L20,60,Pctl (1%-99%),1.0,0.48853800138177456,1.1888055095673347e-07,3.1974231155175214e-67,450,5.746842729086864e-09
L2,10,Z-Score (3),0.5,0.4884901740350821,0.0002915358261702237,0.0,2687,5.757300011890477e-06
ALL,5,Winsorized,0.5,0.4883169660108049,1.0016875546487103e-05,0.0,5431,1.3916241567924034e-07
L50pct,90,Abs (200k),0.7,0.4882232152047519,2.855294127846356e-06,7.624235308116095e-40,263,1.8095128688041824e-07
L10,45,MAD (3),0.5,0.4876336228412558,5.4958777773864734e-05,2.3193773712286983e-83,562,2.380600618567901e-06
L2,5,Winsorized,0.5,0.4874031972336765,0.0003192301198759509,0.0,5431,4.443116490637621e-06
L3,15,Winsorized,0.7,0.4872702456286206,2.5507504463137758e-05,3.4593564922286334e-268,1835,6.111475187973382e-07
L10,90,Z-Score (3),1.0,0.48718840002832997,2.5545294620711826e-07,2.8647337343782707e-45,301,1.5156739009962528e-08
L3,90,MAD (3),0.7,0.4869476518902396,2.3974884997684973e-05,8.793838084067551e-44,291,1.4475957956060387e-06
L3,45,Pctl (1%-99%),0.7,0.4868748134715432,2.361726459253224e-05,7.59392824581434e-89,601,9.906476093653822e-07
L3,45,Z-Score (3),0.7,0.4868748134715432,2.361726459253224e-05,7.59392824581434e-89,601,9.906476093653822e-07
L50pct,30,Pctl (1%-99%),1.0,0.48634016158951143,9.973376571394018e-08,4.7266342852183825e-132,900,3.4203597490378796e-09
ALL,90,Raw,1.0,0.48607584024618866,3.6643743244455166e-08,2.7301932827507483e-46,309,2.150444028064833e-09
L20,60,MAD (3),0.7,0.48598141535305567,3.138980565449317e-06,4.27883302412254e-62,418,1.582783599316185e-07
ALL,15,Pctl (1%-99%),0.7,0.48575808695874945,1.195103167146433e-06,1.6002462576398625e-261,1797,2.9023306383017978e-08
L50pct,45,IQR (1.5x),0.3,0.485723028074054,0.00015097541993395764,5.024823811951267e-81,549,6.6422738249432e-06
L3,60,Z-Score (3),0.7,0.48556764252731094,2.284272875809803e-05,8.406867972655091e-67,451,1.1095939548161694e-06
L2,30,Abs (200k),0.7,0.4855353133959621,3.210121659691912e-05,1.2274329273970013e-134,920,1.0906051023735088e-06
L2,30,Raw,0.7,0.4855353133959621,3.210121659691912e-05,1.2274329273970013e-134,920,1.0906051023735088e-06
L2,30,Abs (100k),0.7,0.4855353133959621,3.210121659691912e-05,1.2274329273970013e-134,920,1.0906051023735088e-06
L5,20,IQR (1.5x),0.3,0.4854022293178392,0.0006767673700830047,3.240884698214578e-178,1222,1.9949984513131685e-05
L5,90,Pctl (1%-99%),0.7,0.4852131380781907,1.273936950176885e-05,5.099902894783661e-45,301,7.588567327677747e-07
L5,30,Pctl (1%-99%),0.7,0.4851934316392301,1.40949052368313e-05,1.2879668022211237e-131,900,4.844941920620591e-07
L5,15,Z-Score (3),0.7,0.4850736096897093,1.3527193462919193e-05,1.3994821596115976e-261,1801,3.285949395688492e-07
L10,90,Pctl (1%-99%),1.0,0.4848734071133791,2.508800910072935e-07,5.630488535542228e-45,301,1.495455198149847e-08
L50pct,20,Pctl (1%-99%),1.0,0.4848328389791496,8.783182740016326e-08,4.31835718654663e-196,1348,2.4677857970373e-09
L10,90,MAD (3),0.7,0.48437608871582816,6.5839108050773425e-06,3.633996010215099e-42,282,4.059570607817298e-07
L3,10,Z-Score (3),0.5,0.4842818345963825,0.0001830704418590488,0.0,2686,3.6465661736646464e-06
L10,30,Abs (100k),0.7,0.48403859910312697,6.329116470335772e-06,2.5760644807689115e-130,894,2.1879090744022922e-07
L5,60,Pctl (1%-99%),0.7,0.48389812819686595,1.284186758001077e-05,2.4288218318971527e-66,450,6.265849024228756e-07
L10,5,Raw,0.7,0.4835940928188947,5.283537269665892e-06,0.0,5431,7.410029920018582e-08
L20,45,MAD (3),0.5,0.4833969263517666,2.6302005631115528e-05,6.310441840046151e-82,559,1.1520937467246163e-06
L5,60,MAD (3),0.5,0.48327597360280145,0.00010056606290910176,4.65476934408096e-63,428,5.038234461968553e-06
L50pct,45,Pctl (1%-99%),1.0,0.48289952819892656,9.11115076563169e-08,7.692001245117495e-88,601,3.852289335406047e-09
L10,60,Winsorized,1.0,0.48280643262460027,2.3293821779368936e-07,1.428701267868611e-67,460,1.1265436990566674e-08
L20,60,Pctl (5%-95%),0.7,0.48275837143734335,3.1941350031004954e-06,5.916993846161698e-61,414,1.6288702392913275e-07
L2,60,Z-Score (3),0.7,0.4820086784597424,3.496535084033269e-05,3.9665820017397414e-66,451,1.710600256222988e-06
L2,60,IQR (1.5x),0.5,0.4817208174307781,0.0002613509549304157,3.32754955176186e-61,417,1.3307124440291277e-05
L50pct,45,MAD (3),0.5,0.481541223954494,2.132390857494222e-05,8.882209279679807e-82,561,9.35839316620563e-07
ALL,10,Z-Score (3),0.5,0.4814525342201429,9.85682696914859e-06,0.0,2683,1.975632879910963e-07
L20,15,MAD (3),0.3,0.4813537665402966,0.00017260142421067834,2.295230621937281e-235,1637,4.430869134544051e-06
L5,30,Z-Score (3),0.7,0.4811689131788096,1.3885211813149253e-05,2.2117049240110337e-130,902,4.806129501626794e-07
L20,90,Pctl (5%-95%),0.7,0.48095735129742645,3.0513461202036203e-06,4.781545165296882e-41,277,1.9114958744250677e-07
L10,5,Abs (200k),0.7,0.48086864558208026,5.341275279208925e-06,0.0,5430,7.532696014636303e-08
L5,60,Z-Score (3),0.7,0.48066415905059684,1.2783400977770885e-05,7.108243037074292e-66,451,6.270851537968083e-07
ALL,20,Z-Score (3),0.7,0.4803521538485639,1.139532982578155e-06,3.938896462688548e-193,1345,3.234175539385483e-08
L50pct,15,Pctl (5%-95%),0.3,0.4803031534699784,0.00014076851972576185,1.2250794935955751e-236,1651,3.6058905274659635e-06
L3,20,Pctl (1%-99%),0.7,0.4797011713689039,2.2649793231073013e-05,3.425070703482835e-193,1348,6.429582101820393e-07
L10,15,Pctl (5%-95%),0.3,0.4794527452921797,0.00034853601196299297,4.720718654469483e-236,1651,8.943232164981288e-06
L10,15,MAD (3),0.3,0.4794133367788679,0.0003498965398264832,1.3390246577991503e-235,1648,8.987030083066986e-06
L50pct,45,Z-Score (3),1.0,0.47912557714097465,8.957778383511804e-08,3.544820026658781e-87,603,3.8098240250606816e-09
L10,5,Abs (100k),0.7,0.4789831129355645,5.55050626917984e-06,0.0,5423,7.862464411516237e-08
L10,30,Winsorized,1.0,0.4787987329219315,2.475430173681284e-07,4.84528179667111e-132,920,8.524238158868033e-09
L20,90,IQR (1.5x),0.7,0.4776933572169254,3.1061111088384735e-06,1.5746725930016816e-40,276,1.9621394926511841e-07
L2,10,Pctl (5%-95%),0.3,0.47758845866906263,0.0019092267810867703,0.0,2471,4.018615385375802e-05
L2,10,Abs (100k),0.7,0.4774606726630669,3.471366693462996e-05,0.0,2747,6.931384742142888e-07
L2,10,Raw,0.7,0.4774606726630669,3.471366693462996e-05,0.0,2747,6.931384742142888e-07
L2,10,Abs (200k),0.7,0.4774606726630669,3.471366693462996e-05,0.0,2747,6.931384742142888e-07
L2,30,Winsorized,0.7,0.4771896533220599,3.852903889765504e-05,1.9976302067759873e-131,920,1.331047067122827e-06
L20,30,MAD (3),0.5,0.47700767706098324,2.421402520512514e-05,3.227652682156975e-120,841,8.753283252941416e-07
L20,10,Winsorized,1.0,0.476777714292133,1.1113826851037714e-07,0.0,2747,2.222171611813307e-09
L2,20,Pctl (1%-99%),0.7,0.4761303344879198,3.5572619804912104e-05,3.430587062960697e-191,1348,1.0170493364186287e-06
L20,60,IQR (1.5x),0.7,0.4754989693536723,3.1320549983181855e-06,2.7810448963242313e-59,411,1.626545095861839e-07
L50pct,45,Pctl (5%-95%),0.5,0.47495442626574247,2.0554784732142945e-05,4.038790255989979e-79,553,9.206820255684838e-07
L5,45,Pctl (1%-99%),0.7,0.47475712337076365,1.3307779412647326e-05,8.353819525964626e-86,601,5.719216315752278e-07
L10,10,Pctl (1%-99%),0.7,0.47473934397940226,6.208689624371263e-06,0.0,2691,1.2594019803690227e-07
L10,5,Winsorized,0.7,0.47468140074746684,6.129689781212724e-06,0.0,5431,8.751628140954936e-08
L10,15,Winsorized,1.0,0.47464759323135014,2.531238326646904e-07,1.6785835474682323e-258,1835,6.220016357571474e-09
L10,20,Winsorized,1.0,0.47440567069240047,2.3227942771825074e-07,3.81464994003351e-194,1376,6.595804591187025e-09
L5,15,Pctl (1%-99%),0.7,0.47438193474267737,1.3347951652489008e-05,5.471358642496344e-253,1797,3.316297390064403e-07
L20,45,Pctl (1%-99%),1.0,0.47429428658440387,1.1050409379200357e-07,1.088082667509021e-85,601,4.753487521443752e-09
L2,15,Pctl (5%-95%),0.3,0.4741779257554686,0.0019319416100440903,1.934657897178222e-232,1651,5.00993866888187e-05
L20,30,Pctl (5%-95%),0.5,0.47413312385797424,2.4117911254373367e-05,2.120804274244099e-117,828,8.837662829450337e-07
L3,20,Z-Score (3),0.7,0.47390855430909534,2.2115025602988057e-05,3.1195128753910477e-190,1350,6.346376694954577e-07
L20,20,IQR (1.5x),0.3,0.4737284417243185,0.00015317209514054838,9.859599266011995e-171,1211,4.643085942197936e-06
L20,45,Pctl (5%-95%),0.5,0.4733538486819347,2.6133235287216734e-05,9.357629456200162e-79,553,1.1743130312966208e-06
L20,45,IQR (1.5x),0.5,0.47334364218356345,2.7119532821691413e-05,3.40415244070884e-78,549,1.2231055370899927e-06
L50pct,10,Winsorized,1.0,0.47322668324456824,8.847875653152277e-08,0.0,2747,1.7817431909157444e-09
ALL,15,Z-Score (3),0.7,0.47271716291808363,1.1835448504465e-06,3.3716050522284542e-251,1793,2.9536433925241226e-08
ALL,60,Raw,1.0,0.4726624926018308,3.7866506932719137e-08,1.2338184278714128e-65,460,1.8689223867652907e-09
L20,30,IQR (1.5x),0.5,0.47233693921313324,2.4983347178528762e-05,6.307235592089443e-117,829,9.182274232812978e-07
L10,45,Winsorized,1.0,0.4720353819808538,2.2447882826004665e-07,4.452830155026173e-87,615,9.588712172946904e-09
L50pct,15,Z-Score (3),1.0,0.471954123314225,9.085766833485741e-08,4.423034634542374e-250,1789,2.273449159460033e-09
L10,90,Winsorized,1.0,0.4718352267397224,2.1005228173374668e-07,1.839375731657011e-44,309,1.2683752262604832e-08
L20,30,Z-Score (3),1.0,0.47163251651869276,1.200403656894027e-07,2.1130728254529957e-126,899,4.2422597816600345e-09
L20,30,Pctl (1%-99%),1.0,0.4715616580382531,1.1851898966892953e-07,1.6305078662308257e-126,900,4.18675637130649e-09
ALL,5,Pctl (1%-99%),0.3,0.47114787382260703,6.641833184918447e-05,0.0,5321,9.648537256157758e-07
L20,45,Abs (200k),0.7,0.4710500068902948,3.107162293626895e-06,2.7770464350876174e-81,575,1.3754994708125958e-07
ALL,30,MAD (3),0.3,0.4708923288551427,7.590479972320877e-05,7.516383774756345e-117,832,2.7928101474800075e-06
L2,15,Winsorized,0.7,0.4708760132760345,3.9165543793166294e-05,1.185723740797695e-255,1835,9.697245027951153e-07
L50pct,30,IQR (1.5x),0.5,0.47011399380801755,2.065305183529663e-05,1.7646781708035933e-115,824,7.647825356547984e-07
L50pct,45,IQR (1.5x),0.5,0.4700486639663962,2.0921626125808155e-05,1.880757377249051e-77,549,9.49835414356936e-07
L50pct,15,MAD (3),0.3,0.4700344652701313,0.00014200142170775075,2.787488596409708e-227,1634,3.732429187702681e-06
L20,15,Z-Score (3),1.0,0.4696971097466213,1.1644357712821799e-07,2.0036560565354516e-248,1789,2.9268894237501308e-09
L3,45,MAD (3),0.5,0.46963427466940405,0.00018151444269635668,1.1297730644635336e-80,573,8.072368241170998e-06
L10,10,Z-Score (3),0.7,0.4693466227872341,6.230518018878261e-06,0.0,2686,1.2787672884618834e-07
L50pct,5,Z-Score (3),0.5,0.46911564016079577,1.6884487077085025e-05,0.0,5329,2.4609712089640067e-07
L50pct,20,MAD (3),0.3,0.46885762942478726,0.00013107287206356736,3.6536070643279584e-172,1239,3.966550118099624e-06
L20,5,Z-Score (3),0.5,0.4685907550573286,2.0665645373344507e-05,0.0,5325,3.0163965418238695e-07
L10,45,Pctl (1%-99%),1.0,0.4681597691761947,2.462600756344297e-07,3.535872095125632e-84,601,1.072442818345021e-08
ALL,30,Pctl (5%-95%),0.3,0.4680912547936968,7.711349976172928e-05,2.389429992332104e-115,828,2.8601821491150716e-06
L3,60,IQR (1.5x),0.5,0.4679122392214282,0.00017588471663695823,3.0573503537998357e-59,420,9.17380267879439e-06
L20,20,Z-Score (3),1.0,0.46776109078126427,1.0784975072796076e-07,3.828583488149078e-186,1345,3.1392246993548397e-09
ALL,5,Z-Score (3),0.3,0.4676902479437651,6.675552837813073e-05,0.0,5311,9.774260944309568e-07
L10,60,Abs (100k),0.7,0.4676005390833021,6.339240644530488e-06,2.7510939185016896e-60,428,3.27728145726776e-07
L3,60,Pctl (5%-95%),0.5,0.4673592764654254,0.00016725374869158702,2.533347538388072e-58,414,8.796684231804948e-06
L20,10,Raw,1.0,0.4672083128986681,9.427400056742044e-08,0.0,2747,1.9215168709737116e-09
L50pct,15,Pctl (1%-99%),1.0,0.4671670378598001,8.795707735193396e-08,1.1358823149210868e-247,1797,2.217164973933239e-09
L5,15,Pctl (5%-95%),0.3,0.4669859469791863,0.0007140592684545482,1.4267141411522995e-227,1651,1.878630447450798e-05
L20,20,Pctl (1%-99%),1.0,0.46695968099620855,1.0626355712471881e-07,4.091199656206607e-186,1348,3.094583160600625e-09
L2,20,Z-Score (3),0.7,0.46690498626800425,3.505211313439721e-05,1.54490139739066e-185,1344,1.0224121481242908e-06
L20,15,Abs (100k),0.7,0.4667493872058011,3.04136836213109e-06,2.6928925535548343e-236,1716,7.852128866190976e-08
L3,10,Winsorized,0.7,0.46655084443718003,2.545177442144983e-05,0.0,2747,5.194501991759292e-07
L10,20,Pctl (5%-95%),0.5,0.4664457650987596,4.925459245346772e-05,8.267974465738491e-171,1238,1.4983946130257119e-06
L20,5,Pctl (1%-99%),0.5,0.4662530908637523,2.064579006563825e-05,0.0,5321,3.028819107645468e-07
L10,30,MAD (3),0.5,0.46623742333456375,5.063639129196191e-05,4.799992382849639e-117,845,1.8660335830014804e-06
L20,15,Pctl (1%-99%),1.0,0.4661431227029659,1.1264059006346043e-07,6.369522542279643e-247,1797,2.845217496402037e-09
L50pct,20,Pctl (5%-95%),0.3,0.46592336849775984,0.0001296480118303856,1.5145876799348766e-170,1238,3.948218391254496e-06
L5,1,Abs (200k),0.3,0.46589911571957326,0.0005644294039467002,0.0,22608,4.019420785503325e-06
L5,1,Abs (100k),0.3,0.46589911571957326,0.0005644294039467002,0.0,22608,4.019420785503325e-06
L5,1,Raw,0.3,0.46589911571957326,0.0005644294039467002,0.0,22608,4.019420785503325e-06
L20,10,Abs (100k),0.7,0.46509098519954956,2.9138624188043264e-06,0.0,2637,6.08765076754506e-08
L3,1,Abs (200k),0.3,0.4642446453026653,0.0010156833357432705,0.0,22608,7.256985812298527e-06
L3,1,Abs (100k),0.3,0.4642446453026653,0.0010156833357432705,0.0,22608,7.256985812298527e-06
L3,1,Raw,0.3,0.4642446453026653,0.0010156833357432705,0.0,22608,7.256985812298527e-06
ALL,5,Raw,0.7,0.46361219222003175,1.048956176735329e-06,0.0,5431,1.531297058621862e-08
L50pct,5,Pctl (1%-99%),0.5,0.4635609881860316,1.6853273903388143e-05,0.0,5321,2.485856306291434e-07
L3,15,Pctl (5%-95%),0.3,0.46327160457062355,0.0012296916345831512,4.3922445761142955e-225,1651,3.2594576000072095e-05
L5,45,Z-Score (3),0.7,0.46293750342715506,1.3141819080705445e-05,9.062209376730554e-83,600,5.788367850038881e-07
L20,15,Pctl (5%-95%),0.5,0.46200573401602485,2.4141003177809315e-05,3.067639480113411e-224,1651,6.415198900209863e-07
L10,90,Pctl (5%-95%),0.7,0.461583800075867,6.565311104013509e-06,7.528089988490239e-39,277,4.275852778303264e-07
L5,45,MAD (3),0.5,0.46155841588969115,0.0001099219947097103,4.0231028350937703e-78,568,4.990365381925467e-06
ALL,90,Pctl (1%-99%),1.0,0.4610135168493515,4.4799493173628934e-08,5.0246492902947454e-42,301,2.801364456582001e-09
L2,90,Pctl (5%-95%),0.7,0.46046544483355756,3.841258201453392e-05,1.0025616714614987e-38,277,2.5073690670595143e-06
L3,15,Z-Score (3),0.7,0.45960562230191204,2.329125005365367e-05,4.120763810617808e-243,1804,5.949468223375593e-07
L2,45,MAD (3),0.5,0.4595539672179677,0.0002677872539826533,1.5710621542081011e-77,567,1.2217253483033993e-05
L10,5,Pctl (1%-99%),0.5,0.4588855478782915,4.4564236440858885e-05,0.0,5321,6.635350232647692e-07
ALL,60,Winsorized,1.0,0.45886376355930875,4.2777597113524817e-08,4.640205910153936e-63,460,2.1706763467659172e-09
L50pct,10,Raw,1.0,0.4588434226637155,7.421066132367362e-08,0.0,2747,1.5382408581799123e-09
L10,1,Abs (200k),0.3,0.45877308000637895,0.00025430124705116795,0.0,22608,1.8370770003427842e-06
L10,1,Raw,0.3,0.45877308000637895,0.00025430124705116795,0.0,22608,1.8370770003427842e-06
L10,1,Abs (100k),0.3,0.45877308000637895,0.00025430124705116795,0.0,22608,1.8370770003427842e-06
L10,5,Z-Score (3),0.5,0.45865674692951475,4.4815269481335545e-05,0.0,5316,6.678942555569675e-07
L5,10,Pctl (1%-99%),0.7,0.45830448366585913,1.392241938699504e-05,0.0,2691,2.9189044474220084e-07
L20,20,MAD (3),0.7,0.4581280266298658,2.9463280609259495e-06,1.1789884390732707e-164,1223,9.170186831712403e-08
L5,5,Raw,0.7,0.4578758816837085,1.1776818846929999e-05,0.0,5431,1.7391760827137934e-07
L5,5,Abs (200k),0.7,0.4578758816837085,1.1776818846929999e-05,0.0,5431,1.7391760827137934e-07
ALL,30,IQR (1.5x),0.3,0.457276711908256,7.776706663519907e-05,3.883360464301137e-110,816,2.9694991264196944e-06
ALL,90,Z-Score (3),1.0,0.4570013673084845,4.453117932927895e-08,1.1250630602908886e-41,302,2.802490749370469e-09
L10,20,MAD (3),0.5,0.45694475666218143,4.867205695785787e-05,2.1031116389511482e-165,1233,1.5123100234938144e-06
L5,5,Abs (100k),0.7,0.45672847705472464,1.2002778500640837e-05,0.0,5430,1.7768112580637562e-07
L5,60,Pctl (5%-95%),0.5,0.45645308346548064,0.00010473974666247748,1.6677040310356687e-56,414,5.6309718558986605e-06
L20,45,Z-Score (3),1.0,0.4562208924992791,1.1086940735544092e-07,9.380968723119775e-81,597,4.962230309281171e-09
L10,20,IQR (1.5x),0.5,0.4555213602955579,4.794376286456185e-05,1.5087158318575653e-159,1194,1.5182036770198856e-06
L10,30,Pctl (5%-95%),0.5,0.4552700545517307,5.1802217473113014e-05,4.5333070660145455e-111,828,1.971580025572988e-06
L20,20,IQR (1.5x),0.5,0.4551542024445651,2.1015249346329376e-05,2.3583549092077533e-161,1209,6.618177892048467e-07
L3,5,Pctl (5%-95%),0.3,0.45503866864805026,0.0012498933419920505,0.0,4887,1.9570384674879336e-05
L3,5,Z-Score (3),0.5,0.45500113212291804,0.00018310023938720765,0.0,5321,2.7476757344720157e-06
L2,5,Pctl (5%-95%),0.3,0.45430428374768506,0.001989262476122628,0.0,4887,3.119332447602083e-05
L5,5,Pctl (1%-99%),0.5,0.4542357278871921,0.00010162060743042031,0.0,5321,1.527315280754039e-06
L5,5,Z-Score (3),0.5,0.4536054729353993,0.00010237958789634204,0.0,5313,1.5418398059511516e-06
L50pct,45,Abs (200k),0.7,0.4535206229022089,2.6325353329348064e-06,9.034177891636014e-76,564,1.2189739354274972e-07
L50pct,45,Pctl (5%-95%),0.7,0.453499354930674,2.808156061325059e-06,2.5595852576780686e-74,553,1.3132652206623851e-07
L10,45,Pctl (5%-95%),0.5,0.45348139401301946,5.328111920118348e-05,2.582916352638974e-74,553,2.49184072225196e-06
L2,30,Z-Score (3),0.7,0.45284964335235034,3.8021500153139635e-05,5.5481773133534325e-120,902,1.3931065100468009e-06
L2,10,Winsorized,0.7,0.45257116305377354,3.969783879083962e-05,0.0,2747,8.333282137246342e-07
L10,45,Z-Score (3),1.0,0.4523798417689789,2.4011542349604455e-07,3.0912414397746562e-80,600,1.0803327860818037e-08
L50pct,10,Abs (100k),0.7,0.45224009033561574,2.5352912722014073e-06,0.0,2562,5.5146565593987474e-08
L3,45,IQR (1.5x),0.5,0.45154545190437856,0.00017926769225204238,4.557720022493379e-75,562,8.348868087485737e-06
L50pct,20,Pctl (5%-95%),0.5,0.4511636579445382,1.770789052794054e-05,3.191085235443257e-163,1238,5.555356950532664e-07
L50pct,15,Pctl (5%-95%),0.5,0.45017042055070694,1.912990775271877e-05,1.92452361136621e-216,1651,5.206287181736394e-07
L5,60,IQR (1.5x),0.5,0.4501194263360755,0.00010054294822649307,4.0704950543302892e-56,419,5.441941872738783e-06
L20,20,Abs (100k),0.7,0.4497173211494911,2.903206196083292e-06,1.241251292924258e-165,1262,9.047231921943814e-08
L50pct,90,Pctl (5%-95%),1.0,0.44946098090775044,1.0561930398906722e-07,1.6292865613412909e-37,277,7.048959398422631e-09
L50pct,30,Pctl (5%-95%),0.7,0.4494363722337838,2.64301349004053e-06,3.7140590213378396e-109,828,1.0178388100385927e-07
L3,5,Pctl (1%-99%),0.5,0.44902092315764014,0.0001851934329515003,0.0,5321,2.812838848142987e-06
L5,15,MAD (3),0.3,0.4489687019514571,0.000715369082223646,1.7719976498922852e-210,1611,1.9757511541098652e-05
L5,5,Winsorized,0.7,0.44883522851343205,1.3694632402135378e-05,0.0,5431,2.0596229174251003e-07
L2,30,Pctl (1%-99%),0.7,0.44850893945329795,3.83654691998854e-05,3.543890619854957e-118,900,1.4196655125321366e-06
L50pct,20,MAD (3),0.5,0.4484193081326254,1.775402704650516e-05,1.2668007066951651e-161,1236,5.605336286762142e-07
L2,1,Raw,0.3,0.4482120003348264,0.0016135553202991598,0.0,22608,1.1907384663825726e-05
L2,1,Abs (100k),0.3,0.4482120003348264,0.0016135553202991598,0.0,22608,1.1907384663825726e-05
L2,1,Abs (200k),0.3,0.4482120003348264,0.0016135553202991598,0.0,22608,1.1907384663825726e-05
L3,90,Pctl (5%-95%),0.7,0.44773021830146165,2.5191916441030136e-05,2.513383605563719e-37,277,1.6871834131317496e-06
L3,5,Raw,0.7,0.4477092118508977,2.14141102727817e-05,0.0,5431,3.2279440504626085e-07
L3,5,Abs (200k),0.7,0.4477092118508977,2.14141102727817e-05,0.0,5431,3.2279440504626085e-07
L3,5,Abs (100k),0.7,0.4477092118508977,2.14141102727817e-05,0.0,5431,3.2279440504626085e-07
ALL,45,IQR (1.5x),0.3,0.4468712579825381,8.406234979895951e-05,4.242489078868719e-72,547,4.006131275131521e-06
L10,90,Abs (100k),0.7,0.4467553834423764,6.568264597998632e-06,5.8168672878121885e-37,275,4.423774870597048e-07
L5,10,Z-Score (3),0.7,0.44658136534576165,1.3618829420691351e-05,0.0,2692,2.9230768332882503e-07
L50pct,60,MAD (3),1.0,0.4465305934249719,1.1495138935405747e-07,1.3649807489884636e-53,404,6.382964050929531e-09
ALL,45,Winsorized,1.0,0.4464564378041033,4.210112777061159e-08,9.084477506391655e-81,615,1.8934325965403164e-09
L5,90,MAD (3),0.7,0.4460146071325772,1.387537711411467e-05,1.9774797520161858e-38,287,9.160031796692589e-07
L20,1,Abs (200k),0.3,0.44563011159258864,0.00011825237336179366,0.0,22608,8.772241034787939e-07
L20,1,Abs (100k),0.3,0.44563011159258864,0.00011825237336179366,0.0,22608,8.772241034787939e-07
L20,1,Raw,0.3,0.44563011159258864,0.00011825237336179366,0.0,22608,8.772241034787939e-07
L10,60,Pctl (1%-99%),1.0,0.44561914211099557,2.399578078516293e-07,2.309016020176873e-59,450,1.264497784466694e-08
ALL,45,MAD (3),0.3,0.44560259921941825,8.152220236160308e-05,3.0623870556659075e-73,558,3.856339342198463e-06
L10,20,Pctl (1%-99%),1.0,0.4454810298126879,2.359812298656223e-07,1.4732103038301396e-174,1348,7.176265977633626e-09
L10,45,Raw,1.0,0.44538565080288445,1.9007875171363647e-07,1.6446075452642681e-80,615,8.567039597221768e-09
L10,45,IQR (1.5x),0.5,0.44537595557911613,5.4060349692641564e-05,6.598472869765769e-72,548,2.581775602387198e-06
L2,5,Z-Score (3),0.5,0.44461328713972703,0.0002896633266044381,0.0,5325,4.437330786297038e-06
L2,5,Pctl (1%-99%),0.5,0.4445642538315813,0.00029096136951947113,0.0,5321,4.4593337808330535e-06
L10,90,IQR (1.5x),0.7,0.4442228779415724,6.545497615108111e-06,1.0880463216271406e-36,275,4.431096595480463e-07
L10,15,Raw,1.0,0.4441081404532293,1.9790855890809543e-07,5.368865720980194e-236,1835,5.171709643666397e-09
L3,90,IQR (1.5x),0.7,0.444014690908818,2.319803983625748e-05,4.44948348695312e-38,286,1.5403702000029115e-06
L3,10,Pctl (5%-95%),0.3,0.44372460690485294,0.0012211167995179325,0.0,2471,2.7515970115866562e-05
ALL,45,Raw,1.0,0.4437090703004874,3.714795636913298e-08,4.155843390712446e-80,615,1.6799893384960668e-09
L10,60,MAD (3),0.7,0.44362287426404434,6.60773535096952e-06,6.369999667234218e-55,418,3.628136707923542e-07
L50pct,30,MAD (3),0.7,0.4431789530106091,2.500091955887477e-06,2.839935724824074e-108,837,9.697973715877558e-08
L20,5,Abs (100k),0.7,0.44302416557231866,2.616007765459407e-06,0.0,5333,4.017345243550649e-08
L2,90,IQR (1.5x),0.7,0.4426624393426989,3.53104780067496e-05,3.6728623178224575e-37,280,2.3763150500750664e-06
L10,45,Abs (100k),0.7,0.44265101371086363,6.333201804146054e-06,3.821260851202793e-75,578,2.9610446847361203e-07
L10,30,IQR (1.5x),0.5,0.4418422086883638,5.426233370453077e-05,2.7637939637560263e-104,809,2.1468741937746523e-06
L50pct,20,IQR (1.5x),0.3,0.4416435171676096,0.00013005268633389954,4.5564716514280177e-156,1218,4.1934589046956865e-06
L3,10,Pctl (1%-99%),0.7,0.44129125144408876,2.4023401344319724e-05,0.0,2691,5.21277731659869e-07
L50pct,90,IQR (1.5x),1.0,0.4412672090516297,1.1208469975730011e-07,1.3051528790910822e-35,269,7.71866076660291e-09
L20,90,Pctl (5%-95%),1.0,0.4411768053108574,1.3061664498754186e-07,1.2818639049694934e-36,277,8.864679808075643e-09
L5,10,Pctl (5%-95%),0.3,0.44079345068779796,0.0007010567033013008,0.0,2471,1.589136340654629e-05
ALL,10,Pctl (1%-99%),0.7,0.44015117783239055,1.1485661694514911e-06,0.0,2691,2.4980151577409292e-08
L10,15,Z-Score (3),1.0,0.4400735277321039,2.543407822336579e-07,3.36051714153227e-228,1796,6.773414626395221e-09
ALL,30,Winsorized,1.0,0.44001807649533636,4.264131879568614e-08,1.0231425754766256e-117,920,1.5876729012754853e-09
L10,20,Raw,1.0,0.43982875256541576,1.8099807402408286e-07,4.04784337087536e-175,1376,5.510603778482506e-09
ALL,30,Raw,1.0,0.43980647410844126,3.765159465885889e-08,1.2171710978877248e-117,920,1.40249159643757e-09
L50pct,5,Z-Score (3),0.7,0.4396504661413003,2.1071944075174423e-06,0.0,5322,3.261553654899439e-08
L5,60,Pctl (1%-99%),1.0,0.4395983750262514,5.352700001074986e-07,2.6131921687419862e-58,450,2.8553250157766254e-08
L2,30,MAD (3),0.5,0.4389735635781608,0.000295534671380181,2.0728047458765554e-107,841,1.1534530934243991e-05
L20,15,MAD (3),0.5,0.43871832668622834,2.413777156616958e-05,6.653694416605242e-203,1602,6.825503981041828e-07
L50pct,15,Pctl (5%-95%),0.7,0.43850852814912866,2.657334690303729e-06,6.388188994403098e-209,1651,7.404887920509208e-08
L50pct,1,Abs (100k),0.3,0.43840073545545516,9.470953284408013e-05,0.0,22608,7.129506363616633e-07
L50pct,1,Abs (200k),0.3,0.43840073545545516,9.470953284408013e-05,0.0,22608,7.129506363616633e-07
L50pct,1,Raw,0.3,0.43840073545545516,9.470953284408013e-05,0.0,22608,7.129506363616633e-07
L2,45,Pctl (5%-95%),0.5,0.4383926745924796,0.00027606401201174324,4.763889741043203e-71,553,1.3311246734258592e-05
L50pct,45,MAD (3),0.7,0.43816919377999286,2.7455244706005644e-06,3.981850112239204e-71,554,1.3232369942543303e-07
L50pct,30,MAD (3),1.0,0.43814240234704444,1.2481146373987637e-07,7.111824331320857e-103,807,4.981521656037927e-09
L50pct,10,Pctl (1%-99%),1.0,0.4380260230520511,8.56844297332669e-08,0.0,2691,1.8716069788417727e-09
L10,60,Raw,1.0,0.4379789839928599,1.9192777291747019e-07,2.7712497871462005e-59,460,1.015908810675683e-08
L20,20,Pctl (5%-95%),0.7,0.4379554587622416,3.0019884601980095e-06,7.816146323117011e-157,1238,9.673200245904326e-08
L10,15,Pctl (5%-95%),0.5,0.43767714829532184,5.0472802443304947e-05,2.165640169569986e-208,1651,1.4088443725665174e-06
L3,30,Z-Score (3),0.7,0.43762817820398114,2.3646624133010414e-05,1.7352262772179425e-114,901,8.940224804369313e-07
ALL,90,IQR (1.5x),0.7,0.437575974720083,1.3521693274146188e-06,4.15806765203365e-36,276,9.261066367681821e-08
L20,5,Z-Score (3),0.7,0.4374427973834795,2.6013087767186567e-06,0.0,5321,4.04482392159456e-08
L50pct,5,Pctl (1%-99%),0.7,0.4370776551500407,2.0993305234262615e-06,0.0,5321,3.266711390964291e-08
ALL,60,Z-Score (3),1.0,0.437049987777188,4.136088268612571e-08,1.7123083124769068e-58,455,2.205515212840489e-09
L10,15,Pctl (1%-99%),1.0,0.43664303805583254,2.5179620615944693e-07,6.06474816469038e-226,1797,6.750648862951439e-09
L50pct,15,Abs (100k),0.7,0.43661677218646894,2.6356785041376577e-06,5.7708920659007054e-208,1653,7.368356796951262e-08
L2,15,MAD (3),0.3,0.4365547404536019,0.001874220206205081,3.4273331742796585e-201,1599,5.3281282280377546e-05
L2,20,Pctl (5%-95%),0.5,0.43597548832993616,0.0002741575451959792,6.883507788839101e-156,1238,8.869699778603881e-06
L20,5,Pctl (1%-99%),0.7,0.4359224702001271,2.5917741194288796e-06,0.0,5321,4.042471117363443e-08
L20,15,Pctl (5%-95%),0.7,0.4358979217510223,3.2155709771141875e-06,2.9353181405498987e-207,1651,9.008121246655738e-08
L3,20,Pctl (5%-95%),0.5,0.4358615983782865,0.00017162976200199462,7.799306454862545e-156,1238,5.5539490728870404e-06
ALL,60,Pctl (5%-95%),0.7,0.4358038818051179,1.2356613661034368e-06,3.6968686674816245e-53,414,6.926604011432455e-08
L10,20,Z-Score (3),1.0,0.4356382165559616,2.3699504649526363e-07,6.503543194031219e-169,1344,7.363407300424207e-09
L10,90,Raw,1.0,0.4354224914155846,1.8065333613413794e-07,5.3250837360312574e-40,309,1.1740407079110497e-08
L3,30,Pctl (1%-99%),0.7,0.43499138112982333,2.3691131453718154e-05,1.8968971962989404e-113,900,9.010208576735519e-07
L5,15,Pctl (5%-95%),0.5,0.43483853062210254,0.000103199532968054,1.380455797686568e-206,1651,2.8972746537659453e-06
L20,45,Pctl (5%-95%),0.7,0.4340117479397863,3.307343702362836e-06,4.072317230640336e-70,553,1.609001673958839e-07
L5,20,MAD (3),0.5,0.4339987655298406,9.832318605179645e-05,7.97166265442021e-155,1237,3.1951180320844004e-06
L50pct,30,IQR (1.5x),0.7,0.4338379148409252,2.695015619631534e-06,4.931944054046172e-102,811,1.0824146579293282e-07
ALL,45,Pctl (5%-95%),0.3,0.43367793471459937,8.016518889256338e-05,4.792405579725409e-70,553,3.902636475751635e-06
L50pct,30,Pctl (5%-95%),1.0,0.43356621220568553,1.1496503080844062e-07,4.728329387401525e-104,828,4.572172390479023e-09
L50pct,15,MAD (3),0.5,0.43347717934236774,1.97364310975611e-05,3.7375550343777336e-201,1614,5.619681328991016e-07
L20,10,Pctl (1%-99%),1.0,0.4334544020263911,1.0785599010327097e-07,0.0,2691,2.3779055177093243e-09
L3,10,Z-Score (3),0.7,0.4331087317859042,2.3762069657666463e-05,0.0,2691,5.242522192893753e-07
L20,30,Pctl (5%-95%),0.7,0.4330238110195578,3.1793402217222255e-06,7.025050691318008e-104,828,1.2658245138424677e-07
L3,30,MAD (3),0.5,0.43294076432321227,0.00018254390594992832,7.9038321152837495e-106,844,7.1996480641514685e-06
L10,10,Pctl (5%-95%),0.3,0.4326509170753899,0.00032868887556068525,3.277951441366496e-306,2471,7.574968392100301e-06
L5,5,Pctl (5%-95%),0.3,0.43251940076805107,0.0006909692579924562,0.0,4887,1.1323981587351572e-05
L10,60,Pctl (5%-95%),0.7,0.4324846845600403,6.639947499396903e-06,1.2423943343796223e-52,414,3.747308639466564e-07
L20,30,IQR (1.5x),0.7,0.43155993772522905,3.3507989195611294e-06,1.3712515810014112e-100,805,1.3571016308535858e-07
L5,90,Pctl (1%-99%),1.0,0.43139114671684625,5.088560268184107e-07,1.5454678750915823e-38,301,3.378551342807027e-08
ALL,10,Z-Score (3),0.7,0.43133157607818934,1.1343705846182308e-06,0.0,2688,2.513193240965404e-08
L50pct,15,IQR (1.5x),0.3,0.43074817394524023,0.00013277298648536385,8.137329458555815e-195,1576,3.84722736971672e-06
L10,60,IQR (1.5x),0.7,0.43060905976916963,6.719899210883611e-06,4.325358781646644e-52,412,3.8162298641739415e-07
L5,20,Pctl (5%-95%),0.5,0.4305473190356921,9.706097468950623e-05,2.5774633839916487e-153,1238,3.1750735430997794e-06
L50pct,90,MAD (3),1.0,0.4304957405841728,1.0254011459239408e-07,3.0885103012024734e-35,275,7.137999838823268e-09
L3,5,Winsorized,0.7,0.430477610621711,2.541937725348658e-05,0.0,5431,3.9681227899235243e-07
L10,30,Raw,1.0,0.43046071097033956,1.888706160791844e-07,2.444468694142857e-114,920,7.170313452593672e-09
L5,90,Pctl (5%-95%),1.0,0.4304334419215573,6.782668764382918e-07,1.779268675949228e-35,277,4.7049336107026796e-08
L3,45,Pctl (5%-95%),0.5,0.43023831618536695,0.00017686094343944984,2.551328265952699e-69,553,8.670581309525918e-06
L50pct,20,Pctl (5%-95%),0.7,0.43017372887429756,2.3594601942186834e-06,3.867254830339505e-153,1238,7.724185792202524e-08
L10,30,Pctl (1%-99%),1.0,0.4300988733009105,2.5040718079085366e-07,9.1567690196285e-112,900,9.6188735553813e-09
L2,45,IQR (1.5x),0.5,0.4300635500574119,0.00026750351547767426,1.1915594514238916e-69,556,1.3083426835423778e-05
L3,15,MAD (3),0.3,0.4300385418992079,0.0012110745936314384,3.3552858359388387e-197,1599,3.488891707179078e-05
ALL,5,Winsorized,0.7,0.42988706381178665,1.1293257094762592e-06,0.0,5431,1.7650725208863315e-08
L3,20,MAD (3),0.5,0.42981738904829914,0.00017238359098258114,3.0787994401412392e-152,1232,5.661198214468178e-06
L3,90,MAD (3),1.0,0.4298077373204381,1.0707047256810347e-06,3.7979227219430124e-36,283,7.356819568381706e-08
ALL,30,MAD (3),0.5,0.42957156439190464,1.0705074940731999e-05,1.1464376595373561e-102,827,4.2948258491871407e-07
L50pct,20,Abs (100k),0.7,0.4294645478717576,2.420363629638635e-06,6.710312089118783e-149,1206,8.039796076825265e-08
L3,20,Winsorized,1.0,0.42943895225707895,9.87953473315957e-07,1.2461042617132568e-169,1376,3.072157439163337e-08
L5,90,Z-Score (3),1.0,0.42940300238206225,4.950304645312992e-07,1.968415657052401e-38,302,3.2946061282356136e-08
L5,90,Pctl (5%-95%),0.7,0.4292628147392384,1.4327288433425812e-05,2.3628175113786625e-35,277,9.962173640829194e-07
L50pct,5,Abs (100k),0.7,0.428897516493741,2.1972512306376596e-06,0.0,5254,3.4986267816972935e-08
L50pct,10,Z-Score (3),1.0,0.42878678456163877,8.461360838014679e-08,0.0,2689,1.884016970090387e-09
L50pct,45,IQR (1.5x),0.7,0.42865886120592506,2.811312015234458e-06,2.9543196612469507e-68,547,1.3902811763874749e-07
ALL,30,Pctl (5%-95%),0.5,0.42851409075641406,1.035794509060443e-05,1.8617521386418305e-102,828,4.162016431531493e-07
L10,10,Winsorized,1.0,0.428192227198759,2.3751515295529526e-07,0.0,2747,5.238727216449623e-09
L20,10,Z-Score (3),1.0,0.4279365603042808,1.084449391076916e-07,0.0,2684,2.4210976336944668e-09
L2,30,Pctl (5%-95%),0.5,0.42774051333147894,0.0002973176882053237,3.2579084209692714e-102,828,1.1965670265781532e-05
L20,45,MAD (3),0.7,0.42757904202502206,3.2444355319444282e-06,2.2781360090466178e-69,558,1.5920302348083858e-07
L50pct,20,IQR (1.5x),0.7,0.42714845883288954,2.358896225050276e-06,1.3420036772806254e-143,1171,7.989750191875583e-08
L2,20,MAD (3),0.5,0.42712411400996647,0.0002715985050240355,9.787592182917955e-151,1230,8.975970512474525e-06
L20,60,Abs (100k),0.7,0.42711505355878016,3.0603929444556374e-06,1.4613060612114386e-46,371,1.8451227986504617e-07
ALL,60,Pctl (1%-99%),1.0,0.42706352943980347,4.2717354950559814e-08,3.7616300930382727e-56,450,2.3376115162357383e-09
L50pct,30,Abs (100k),0.7,0.42691482062155406,2.7886966700159184e-06,8.936399626963125e-96,777,1.1606182613169997e-07
L10,90,Pctl (5%-95%),1.0,0.4268837550503241,3.010023202558102e-07,4.1977608019047535e-35,277,2.103148999128692e-08
ALL,15,Pctl (5%-95%),0.3,0.42675970603652913,7.507578378618268e-05,1.684368046154355e-201,1651,2.1427238243951526e-06
ALL,15,Raw,1.0,0.4264350616244659,3.5406409397120665e-08,1.5703773922982947e-223,1835,9.591035516960561e-10
ALL,90,MAD (3),0.7,0.4261067111801654,1.2407744472731033e-06,1.2517695007686133e-35,282,8.605383136437779e-08
L50pct,90,Abs (100k),0.7,0.42587573273973856,3.0711995384095313e-06,4.842552681922617e-25,195,2.5667932261632893e-07
L50pct,60,IQR (1.5x),1.0,0.4255462478680581,1.0985134079436268e-07,1.316400533939689e-49,398,6.413748432803898e-09
L20,15,IQR (1.5x),0.3,0.4253716056407419,0.00016410682250397545,2.8257744841828823e-190,1565,4.8245458757720475e-06
L3,90,Pctl (5%-95%),1.0,0.42507193940638044,1.122182344004182e-06,6.49245916044572e-35,277,7.869961705799588e-08
ALL,90,Pctl (5%-95%),0.7,0.4249844546388991,1.2865901930060745e-06,6.630391682446726e-35,277,9.024583351939857e-08
L20,1,Raw,0.5,0.42493946929487236,1.5500591908955088e-05,0.0,22608,1.1993050592117683e-07
L20,1,Abs (100k),0.5,0.42493946929487236,1.5500591908955088e-05,0.0,22608,1.1993050592117683e-07
L20,1,Abs (200k),0.5,0.42493946929487236,1.5500591908955088e-05,0.0,22608,1.1993050592117683e-07
L20,10,Pctl (5%-95%),0.3,0.4249389095430235,0.00015413385823427226,5.729905365922008e-299,2471,3.6085377000860812e-06
ALL,20,Raw,1.0,0.42431357484076,3.405213430260771e-08,5.839441941981019e-167,1376,1.0700412069667717e-09
L20,30,Abs (100k),0.7,0.42421626887700953,3.2287251266968286e-06,1.985297979779552e-99,814,1.3200460860504533e-07
L5,30,MAD (3),0.5,0.4241771479381624,0.00010333164263334738,2.67295312978288e-102,838,4.163906882987631e-06
L3,15,Pctl (1%-99%),0.7,0.42415196854677917,2.265602499941085e-05,2.1731378281863892e-217,1797,6.230812586908557e-07
ALL,5,Pctl (1%-99%),0.5,0.42408411357062076,8.840055646531355e-06,0.0,5321,1.4125165044875186e-07
L20,20,IQR (1.5x),0.7,0.4240537394054141,2.974354476582447e-06,8.651119826956017e-144,1184,1.0082413854211448e-07
L50pct,20,MAD (3),0.7,0.4240411036947982,2.4035763628598763e-06,9.620682637527375e-148,1217,8.036400144094216e-08
L5,20,Winsorized,1.0,0.42382359613798526,5.35965612279803e-07,1.0482238852690163e-166,1376,1.6858880334270578e-08
L10,1,Abs (200k),0.5,0.4237251570613109,3.331672575402492e-05,0.0,22608,2.584182363403967e-07
L10,1,Abs (100k),0.5,0.4237251570613109,3.331672575402492e-05,0.0,22608,2.584182363403967e-07
L10,1,Raw,0.5,0.4237251570613109,3.331672575402492e-05,0.0,22608,2.584182363403967e-07
L20,30,MAD (3),0.7,0.42354142434132425,3.1001315553901285e-06,2.2226853074735707e-101,832,1.2553857172007491e-07
L50pct,20,IQR (1.5x),0.5,0.4234442376993153,1.797494198543859e-05,7.170835744540525e-147,1212,6.029722938182604e-07
L10,30,Z-Score (3),1.0,0.42317579149973134,2.457566412655108e-07,1.585142104146286e-109,901,9.569444960240097e-09
L50pct,10,Pctl (5%-95%),0.5,0.4231210685428596,1.9005742992600616e-05,2.8261750433526782e-297,2471,4.466160445083683e-07
ALL,60,MAD (3),0.7,0.4229127548241169,1.3465433819464004e-06,2.9889934192361e-51,415,7.739994819648604e-08
L3,20,Z-Score (3),1.0,0.4226020263469584,9.640190717054112e-07,1.4481668424108266e-163,1355,3.0634342791687435e-08
L20,5,Winsorized,1.0,0.42234160067569093,1.001377660294817e-07,0.0,5431,1.5894306851566988e-09
ALL,5,Z-Score (3),0.5,0.4222613239253787,8.797071043125439e-06,0.0,5318,1.4113043545429033e-07
L50pct,60,Pctl (5%-95%),1.0,0.4219146250391375,1.0261853903092932e-07,5.630387740828818e-51,414,5.917808680707429e-09
L50pct,5,Winsorized,1.0,0.42187797229236634,7.891064736801018e-08,0.0,5431,1.253695361647455e-09
L5,45,IQR (1.5x),0.5,0.42170354240600344,0.00010543243006535695,8.9419671446656e-68,555,5.250289998772794e-06
L20,10,Pctl (5%-95%),0.5,0.421625589399496,2.2590259015234522e-05,6.918757855905086e-296,2471,5.324780622481111e-07
ALL,15,Winsorized,1.0,0.42118714694360176,3.869357293686028e-08,6.667560332274042e-220,1835,1.0594711373147068e-09
ALL,20,Winsorized,1.0,0.4211100600941851,3.7992788548300726e-08,2.652715554515462e-165,1376,1.2017330272309397e-09
L10,20,Pctl (5%-95%),0.7,0.42098429328203196,6.768756520076194e-06,7.6888603269657415e-149,1238,2.257937325822003e-07
L5,45,Pctl (5%-95%),0.5,0.4206572939406996,9.801181771220362e-05,2.5519389309785666e-67,553,4.9001142281041624e-06
L2,10,Z-Score (3),0.7,0.4205293155338956,3.7826858547126127e-05,0.0,2687,8.569307497341649e-07
L5,90,MAD (3),1.0,0.4203027792177368,6.117460687066334e-07,1.720364753504974e-35,286,4.26315865459656e-08
L3,1,Winsorized,0.3,0.41989185506200505,0.0010628447410666235,0.0,22608,8.30890364675097e-06
L2,15,Z-Score (3),0.7,0.41946118993569664,3.645305745148428e-05,3.1748414233980886e-214,1797,1.012211974068329e-06
L3,20,IQR (1.5x),0.5,0.4192776102349685,0.00017482622150858344,1.8919929837408997e-145,1216,5.905146515612521e-06
L5,45,Winsorized,1.0,0.41917904324608357,5.222007668540247e-07,2.370380369436817e-74,615,2.482725048410769e-08
L50pct,15,Pctl (5%-95%),1.0,0.4189588295621133,1.1719473196153346e-07,1.1760022483041288e-196,1651,3.398721207435892e-09
L5,1,Winsorized,0.3,0.4188582578854985,0.0005894259757071397,0.0,22608,4.617691380920738e-06
L50pct,10,Pctl (5%-95%),0.7,0.4187337107493406,2.5712582127794222e-06,3.277397375177613e-293,2471,6.096825321156822e-08
L50pct,1,Raw,0.5,0.41855709749793835,1.2440331422222405e-05,0.0,22608,9.75205788268383e-08
L50pct,1,Abs (200k),0.5,0.41855709749793835,1.2440331422222405e-05,0.0,22608,9.75205788268383e-08
L50pct,1,Abs (100k),0.5,0.41855709749793835,1.2440331422222405e-05,0.0,22608,9.75205788268383e-08
L2,15,Pctl (1%-99%),0.7,0.4183230749639544,3.605987435995339e-05,1.8437569086669634e-213,1797,1.003637754429174e-06
ALL,60,IQR (1.5x),0.7,0.4182920160105812,1.3601589835501272e-06,3.528740655942092e-50,412,7.921555523424244e-08
L10,5,Pctl (1%-99%),0.7,0.41821366148353784,5.7078419439878505e-06,0.0,5321,9.230805392856626e-08
ALL,20,MAD (3),0.3,0.41813191742095124,6.872962021519692e-05,3.1600005379661244e-148,1244,2.300587489872132e-06
L20,45,IQR (1.5x),1.0,0.4179520308167538,1.6872152941567703e-07,3.186856250184211e-63,523,8.723038938331527e-09
L50pct,10,Pctl (5%-95%),0.3,0.41757100985977913,0.00012978888378515884,3.868021619364505e-292,2471,3.084844480261881e-06
L2,45,Pctl (1%-99%),1.0,0.4174638927028858,1.4846487777229798e-06,2.605713906199517e-72,601,7.165760345412242e-08
L10,30,MAD (3),0.7,0.4174060971923544,6.948305682617103e-06,4.08190280561193e-99,829,2.8544979467298986e-07
L10,5,Z-Score (3),0.7,0.41740194364034616,5.759413959328707e-06,0.0,5314,9.33590757764122e-08
L10,30,Pctl (5%-95%),0.7,0.4173184702925257,6.955038358713162e-06,5.694589830456923e-99,828,2.8595080821231146e-07
L5,1,Abs (200k),0.5,0.4172659947635565,7.54988646110614e-05,0.0,22608,5.93413255570888e-07
L5,1,Abs (100k),0.5,0.4172659947635565,7.54988646110614e-05,0.0,22608,5.93413255570888e-07
L5,1,Raw,0.5,0.4172659947635565,7.54988646110614e-05,0.0,22608,5.93413255570888e-07
ALL,15,MAD (3),0.3,0.41630168866958495,7.422763785964292e-05,2.5573055469434964e-194,1645,2.1683879775282616e-06
L50pct,20,Pctl (5%-95%),1.0,0.41628231034452146,1.054055566159825e-07,1.1455730717187696e-146,1238,3.5502727572789537e-09
L20,10,Pctl (5%-95%),0.7,0.41577253677010184,3.116152283580314e-06,1.7434156163417183e-290,2471,7.433976992623823e-08
L5,90,IQR (1.5x),0.7,0.41566762388664946,1.3484208775172048e-05,1.2061991719679249e-34,283,9.53738212934327e-07
L20,45,IQR (1.5x),0.7,0.41512259792888734,3.4104049459231863e-06,8.906501322822408e-65,541,1.7436358911593025e-07
L50pct,30,IQR (1.5x),1.0,0.41497947900575033,1.276206302149054e-07,1.5587143414782024e-92,779,5.436039641492868e-09
L10,10,Pctl (5%-95%),0.5,0.4148215945450193,4.9450129286344775e-05,1.299728865325705e-289,2471,1.1820078307647453e-06
L2,20,IQR (1.5x),0.5,0.4143648776934161,0.0002718747537384523,6.028748565358995e-142,1205,9.31876063168321e-06
L3,45,Pctl (1%-99%),1.0,0.4143620516833811,9.602962304560021e-07,1.2831828448918822e-71,601,4.664621726239438e-08
L5,10,Pctl (5%-95%),0.5,0.41435617265264646,0.00010666133273489132,3.47010805441425e-289,2471,2.551974553457389e-06
L2,90,Winsorized,1.0,0.41416429111691094,1.2753602385784952e-06,1.5887529287619572e-37,309,8.656957381262439e-08
L5,60,MAD (3),0.7,0.41356975565692355,1.2801520303870662e-05,1.2757656613776774e-50,422,7.438248762765032e-07
L50pct,60,Abs (100k),0.7,0.4132003178048906,2.61007189944279e-06,7.346509948163985e-40,330,1.717434412457926e-07
L20,5,Raw,1.0,0.4120740330628106,8.335039574942171e-08,0.0,5431,1.351205618183074e-09
L20,30,MAD (3),1.0,0.4114249030676187,1.5422218335982422e-07,2.149601058497377e-94,804,6.513513487340592e-09
L3,90,Abs (200k),1.0,0.4113572646476683,1.5741684285588454e-06,2.323611569899632e-22,181,1.4074759772254545e-07
L5,20,Pctl (5%-95%),0.7,0.4112216625736332,1.3403985728861007e-05,2.3907309363316853e-144,1238,4.5620773087235315e-07
ALL,1,Abs (100k),0.3,0.41102463256613464,4.910645905263413e-05,0.0,22608,3.909681674908643e-07
ALL,1,Abs (200k),0.3,0.41102463256613464,4.910645905263413e-05,0.0,22608,3.909681674908643e-07
ALL,1,Raw,0.3,0.41102463256613464,4.910645905263413e-05,0.0,22608,3.909681674908643e-07
L5,15,Z-Score (3),1.0,0.41091230555408775,5.536308111511414e-07,1.4752260570816072e-209,1806,1.560692656965771e-08
L5,45,Z-Score (3),1.0,0.41070433103978293,5.219385985699531e-07,3.7538696012870124e-71,604,2.548139222227129e-08
L2,5,Winsorized,0.7,0.41010432061555957,4.037929570752486e-05,0.0,5431,6.572631049973008e-07
L50pct,15,IQR (1.5x),0.5,0.41005406456544635,2.014050847041515e-05,2.8380288454679333e-179,1547,6.145988380429882e-07
L2,1,Winsorized,0.3,0.409801181194324,0.0017174387020888545,0.0,22608,1.3708247875402543e-05
L10,1,Winsorized,0.3,0.4094723556417531,0.0002661866835989551,0.0,22608,2.1260931431904635e-06
L5,45,Pctl (1%-99%),1.0,0.4090625521987049,5.38666069827467e-07,1.9177663429833116e-70,601,2.6453436831089907e-08
L2,10,Pctl (1%-99%),0.7,0.4090390651649732,3.71776011959203e-05,1.74485507388935e-309,2691,8.617533021323851e-07
L5,30,Pctl (5%-95%),0.5,0.4089093652026344,0.000103750117702293,2.137393815468071e-96,828,4.340223409288815e-06
L5,15,Winsorized,1.0,0.4088187122672353,5.450516830430491e-07,1.7627677566870363e-211,1835,1.5309161662741822e-08
L50pct,10,Pctl (5%-95%),1.0,0.408683366264522,1.2048347693516314e-07,5.1475015806903317e-284,2471,2.916644609721071e-09
L10,15,MAD (3),0.5,0.408438683158751,4.852715868697445e-05,1.5156152295740368e-185,1610,1.4563920223354073e-06
ALL,20,Pctl (5%-95%),0.3,0.40842948533177875,6.715454755265582e-05,4.464850241984557e-143,1238,2.298851449306453e-06
L5,20,IQR (1.5x),0.5,0.40820602458268157,9.728948707787522e-05,2.5248831671746935e-139,1206,3.3759673290357e-06
ALL,30,IQR (1.5x),0.5,0.4077919532767411,1.0240901058037235e-05,2.3968144909496316e-94,813,4.33356753720667e-07
L2,15,Pctl (5%-95%),0.5,0.40772853011529436,0.000293626430259185,8.533109001759042e-190,1651,8.714845117075208e-06
ALL,45,IQR (1.5x),0.5,0.4069718695123354,1.1199517214034495e-05,1.0103865485261141e-63,546,5.796359369690678e-07
ALL,30,Z-Score (3),1.0,0.406839853808923,4.3425383794886356e-08,5.942649978693615e-104,900,1.7497650357198936e-09
L10,10,Pctl (1%-99%),1.0,0.4066604322183166,2.4868378512696917e-07,3.8775257627021855e-307,2691,5.792789728198851e-09
L5,20,MAD (3),0.7,0.4064523888625371,1.3607924406557754e-05,1.8584192418394797e-139,1214,4.723495638187891e-07
L2,45,Winsorized,1.0,0.40592078626205774,1.3655527181921188e-06,2.4326524160712397e-71,615,6.672364557645389e-08
L3,15,Pctl (5%-95%),0.5,0.40587118190336463,0.0001805769091964842,1.1304603128680237e-188,1651,5.3801958910611644e-06
L3,20,Pctl (5%-95%),0.7,0.40556764078321744,2.4122410213552048e-05,8.843181781808337e-142,1238,8.306748018992389e-07
L20,30,Pctl (5%-95%),1.0,0.4055466260323266,1.3799398759136782e-07,2.2345116264223008e-95,828,5.81311136121111e-09
L20,90,MAD (3),1.0,0.4055374163836726,1.2538690529328922e-07,2.4341166471739412e-32,272,9.23883261480326e-09
L10,45,MAD (3),0.7,0.40531936324564194,6.842010029386894e-06,1.2255092192201252e-64,557,3.517875277396516e-07
L50pct,5,Raw,1.0,0.40529757208893125,6.556251539193119e-08,0.0,5431,1.077850534366618e-09
L20,20,MAD (3),1.0,0.40496723570345255,1.3510596605941034e-07,2.6783362226614634e-135,1183,4.765517564174336e-09
L10,10,Z-Score (3),1.0,0.4048788297643042,2.5096084368427785e-07,6.184103928609499e-305,2687,5.871836929585312e-09
L5,5,Pctl (1%-99%),0.7,0.4048647758505742,1.3139032201960956e-05,0.0,5321,2.1842443084428085e-07
ALL,45,MAD (3),0.5,0.40467152615484964,1.0719434836689156e-05,9.859593959751048e-65,559,5.508981256405814e-07
L10,60,Z-Score (3),1.0,0.40431003153576583,2.2182280658249392e-07,3.081814857313664e-52,449,1.2735186784937638e-08
L5,60,Z-Score (3),1.0,0.4040480229335391,5.13765575140059e-07,4.410689245539722e-52,448,2.9545184821069455e-08
L2,5,Abs (200k),0.7,0.40392341609951005,3.2134296077362606e-05,0.0,5431,5.297980865289839e-07
L2,5,Abs (100k),0.7,0.40392341609951005,3.2134296077362606e-05,0.0,5431,5.297980865289839e-07
L2,5,Raw,0.7,0.40392341609951005,3.2134296077362606e-05,0.0,5431,5.297980865289839e-07
L3,10,Pctl (5%-95%),0.5,0.4038579199186263,0.00019353146047394187,1.179135927966032e-279,2471,4.732074967552473e-06
L3,90,Winsorized,1.0,0.4037460489508289,8.369364429131554e-07,2.4077502144539288e-36,309,5.804766883489275e-08
L20,15,Pctl (5%-95%),1.0,0.40347409494383357,1.4145514239188194e-07,3.1356871737651784e-187,1651,4.235602914934534e-09
L20,15,MAD (3),0.7,0.40332236197599497,3.3042639941685404e-06,2.2086767940594224e-178,1573,1.0139823033197268e-07
L3,45,Winsorized,1.0,0.4029515311486632,8.792879705108991e-07,1.12539552922587e-70,615,4.3229407550231825e-08
L2,30,IQR (1.5x),0.5,0.4020583912872562,0.00030267179591190026,9.440656918705012e-92,805,1.3025637972994062e-05
L50pct,45,IQR (1.5x),1.0,0.40196973416059767,1.273051295616934e-07,8.018123843462252e-61,529,6.7640296122894395e-09
L5,15,Pctl (1%-99%),1.0,0.40180440880157037,5.642704388024025e-07,1.5461798660423978e-202,1797,1.6250597268574426e-08
ALL,30,Pctl (1%-99%),1.0,0.40162308471843566,4.2877757843374004e-08,3.0496821551677668e-102,900,1.7465136346962537e-09
L10,20,MAD (3),0.7,0.40161725430400436,6.9342393059896184e-06,3.301128989287641e-137,1213,2.432260593421873e-07
L10,15,Pctl (5%-95%),0.7,0.4012151592479056,6.899996553332664e-06,7.095051942070908e-186,1651,2.0757989003897517e-07
L20,15,IQR (1.5x),0.5,0.4009994203004954,2.468535827890258e-05,1.0387569797090889e-172,1534,7.708179174862666e-07
L10,15,IQR (1.5x),0.3,0.400902268463568,0.0003528047625587649,1.987869646648854e-170,1514,1.1091444853965641e-05
L3,1,Abs (200k),0.5,0.40074988420027285,0.00013682772087029695,0.0,22608,1.1128319652053508e-06
L3,1,Abs (100k),0.5,0.40074988420027285,0.00013682772087029695,0.0,22608,1.1128319652053508e-06
L3,1,Raw,0.5,0.40074988420027285,0.00013682772087029695,0.0,22608,1.1128319652053508e-06
L20,90,Abs (100k),0.7,0.40071994825179086,3.603303868666263e-06,3.7789921297802435e-26,221,2.9776473371016545e-07
L50pct,5,Z-Score (3),1.0,0.4007127028439338,8.777889261174672e-08,0.0,5281,1.4774583530248368e-09
L2,15,IQR (1.5x),0.3,0.40001657730909673,0.001912821427087651,7.83997724138313e-168,1495,6.0628267062269376e-05
L5,5,Z-Score (3),0.7,0.3999602628804002,1.3391446209662577e-05,0.0,5300,2.2534767813791069e-07
L20,90,IQR (1.5x),1.0,0.3998793849620117,1.2847076746940876e-07,2.4629411080858105e-31,268,9.649798956125089e-09
L20,45,Abs (100k),0.7,0.39971453842796717,3.451559135186218e-06,6.038712407445656e-60,525,1.849559956856435e-07
L5,20,Z-Score (3),1.0,0.3996981480711902,5.107894427543766e-07,8.607592567144576e-152,1352,1.703702661230086e-08
L2,10,Pctl (5%-95%),0.5,0.39924169023736594,0.00030170644677274684,1.6204672240524363e-275,2471,7.448280021312424e-06
L50pct,15,MAD (3),0.7,0.39868262832257395,2.640348259428811e-06,1.6226395607719146e-175,1571,8.186305745067468e-08
L10,45,IQR (1.5x),0.7,0.39853992906165703,7.463055683432313e-06,6.091605377703223e-61,536,3.9674689308067545e-07
L20,20,IQR (1.5x),1.0,0.39830147506155744,1.4231098718031647e-07,4.0106876773573496e-129,1153,5.155660192867924e-09
L20,1,Raw,0.7,0.3978754798461852,1.8441036274672585e-06,0.0,22608,1.5088394459515337e-08
L2,60,MAD (3),0.7,0.39784012564306104,3.559640420128111e-05,2.026879274651437e-48,424,2.1318248416053006e-06
L20,30,IQR (1.5x),1.0,0.39760899992505416,1.6242410390127556e-07,6.4238181278253e-88,782,7.158372802779583e-09
L20,1,Winsorized,0.3,0.3975380186695191,0.00012327414131367234,0.0,22608,1.0093356498821758e-06
L3,90,IQR (1.5x),1.0,0.3966633484446351,1.112326870923651e-06,1.8189044369974804e-31,272,8.348709778867866e-08
L2,20,Winsorized,1.0,0.39661175951284444,1.4670115860049064e-06,6.356768735749074e-153,1376,4.8815282271523546e-08
L3,20,Pctl (1%-99%),1.0,0.3960789271455775,9.482226390503421e-07,1.3728398920381677e-149,1348,3.1914424215930595e-08
ALL,15,IQR (1.5x),0.3,0.39524865783051594,7.441961959161527e-05,1.7044575881130183e-178,1616,2.2913366359597214e-06
ALL,45,Z-Score (3),1.0,0.39515562032010015,4.172218387419928e-08,1.249566078529367e-67,603,2.1055596035193253e-09
ALL,45,Pctl (1%-99%),1.0,0.3946071802316809,4.190843848339969e-08,2.716578919328822e-67,601,2.120919617900356e-09
L5,15,Pctl (5%-95%),0.7,0.39430920702595307,1.4738947443043816e-05,9.138370577180175e-182,1651,4.498452815494249e-07
L3,15,Winsorized,1.0,0.39393929998641586,1.0016226746735646e-06,1.4068520265053575e-201,1835,2.9017922879942838e-08
ALL,10,Raw,1.0,0.39343981280860496,3.415884702241804e-08,2.395389048410742e-300,2747,8.095241832175011e-10
L50pct,5,Pctl (1%-99%),1.0,0.39332380168900705,8.215969076217258e-08,0.0,5321,1.3990948726920096e-09
L3,45,Z-Score (3),1.0,0.39289557901966865,8.948322796958928e-07,2.992270569547966e-67,604,4.533530306235091e-08
L50pct,20,MAD (3),1.0,0.3928103937025733,1.1347213010923147e-07,1.9747834646221875e-130,1186,4.100001687369785e-09
L50pct,45,MAD (3),1.0,0.3925987820823176,1.1865945295412555e-07,5.133540509968723e-60,538,6.375045696728648e-09
L50pct,1,Winsorized,0.3,0.39176496781309406,9.880936107256293e-05,0.0,22608,8.188590355046622e-07
L10,45,Pctl (5%-95%),0.7,0.3916761831956066,6.707736868310923e-06,1.8307761206239074e-61,553,3.561262989579957e-07
L5,20,Pctl (1%-99%),1.0,0.391586349411009,5.081262056417701e-07,2.0244961503462998e-147,1348,1.726373520910285e-08
L3,30,Pctl (5%-95%),0.5,0.39155469348146904,0.00017212325653144267,3.38539490788359e-91,828,7.4655891542985575e-06
L20,20,Pctl (5%-95%),1.0,0.39155255314746756,1.243686693889646e-07,1.617199813123164e-135,1238,4.409793560588518e-09
L10,1,Winsorized,0.5,0.3910258407555536,3.627103610038871e-05,0.0,22608,3.010542780215341e-07
L3,15,IQR (1.5x),0.3,0.3905924916325817,0.0012355887018998903,1.1080756342484905e-165,1522,3.95862250771516e-05
ALL,15,MAD (3),0.5,0.39055921315628256,1.00509427799219e-05,2.626566374687394e-180,1658,3.08531100877029e-07
L50pct,1,Raw,0.7,0.39055116496982645,1.4697805132294968e-06,0.0,22608,1.2211535610526632e-08
L20,45,MAD (3),1.0,0.39051382835885046,1.4823389820393113e-07,1.2894352569461466e-59,538,7.998873977917193e-09
L20,1,Abs (200k),0.7,0.39043749502762454,1.830181414080706e-06,0.0,22606,1.521019756152434e-08
L50pct,45,Pctl (5%-95%),1.0,0.3903924487967128,1.0660771618953298e-07,3.277681803264496e-61,553,5.675280155221246e-09
L5,60,Winsorized,1.0,0.3903453038319553,4.857325317538905e-07,3.616612356942053e-51,460,2.8364944262336253e-08
L3,5,Pctl (5%-95%),0.5,0.39025762588173324,0.0001962479149336461,0.0,4887,3.509702110028475e-06
ALL,45,Pctl (5%-95%),0.5,0.3900678209855544,1.0465309225777924e-05,3.7970277018892556e-61,553,5.575027025656063e-07
L10,5,Winsorized,1.0,0.39003121984453804,2.2205822898700583e-07,0.0,5431,3.768869231034919e-09
L2,20,Z-Score (3),1.0,0.389238490566646,1.4365682932035789e-06,1.01030522943988e-146,1352,4.8976453377392946e-08
L20,60,Pctl (5%-95%),1.0,0.38912277697328407,1.1994980344254617e-07,5.0589814892326096e-46,414,7.404309646507345e-09
L20,1,Winsorized,0.5,0.3888842676749707,1.6596789283000077e-05,0.0,22608,1.383769530375399e-07
ALL,30,Pctl (5%-95%),0.7,0.3888638594919018,1.280742677606389e-06,2.1017438819614954e-90,828,5.586528907484638e-08
L20,60,MAD (3),1.0,0.38878182156781194,1.283590060238e-07,5.2606826594490686e-45,405,8.017130968296474e-09
ALL,15,Pctl (5%-95%),0.5,0.38861728365075193,9.782283602740444e-06,2.057254663568788e-178,1651,3.0215197987632485e-07
L5,30,IQR (1.5x),0.5,0.38852766918338083,0.00010358634931602244,1.0654780814793463e-88,813,4.5632002648715544e-06
L2,10,MAD (3),0.3,0.3880149997106661,0.001869879362242472,1.3330422314075618e-224,2087,5.142883544115695e-05
L3,20,MAD (3),0.7,0.38790661145136085,2.3876082182542563e-05,8.90459564127296e-132,1218,8.600853117931634e-07
ALL,10,Winsorized,1.0,0.38784738797622875,3.7438569628968815e-08,7.1284893768974995e-295,2747,8.977336234143452e-10
L10,10,Pctl (5%-95%),0.7,0.38775534424696145,6.909178450538736e-06,2.3442052587118292e-265,2471,1.7472275548912315e-07
L20,5,Z-Score (3),1.0,0.3874509898404452,1.0570027090824756e-07,0.0,5297,1.8264389155821577e-09
L5,90,Winsorized,1.0,0.3872392590357032,4.502399390469706e-07,1.6255085076235417e-34,309,3.232440989891669e-08
L5,1,Winsorized,0.5,0.386969100440219,8.213308567677834e-05,0.0,22608,6.875579632539374e-07
ALL,10,Pctl (5%-95%),0.3,0.3869569642501909,6.765550156283663e-05,1.1725198910078754e-264,2471,1.7137865140331865e-06
ALL,20,Pctl (1%-99%),1.0,0.3867800874511956,3.7982461735789206e-08,4.062851987852731e-145,1348,1.3035768816912582e-09
L3,5,Z-Score (3),0.7,0.38615202040532576,2.4051680263444052e-05,0.0,5326,4.156020279553504e-07
L5,45,MAD (3),0.7,0.38613404406198887,1.3687845852432224e-05,2.4754649318137836e-61,562,7.293043766160907e-07
L5,60,Pctl (5%-95%),0.7,0.3855888185348385,1.2639570425163608e-05,1.6675799335262368e-45,414,7.860515810810151e-07
L5,15,IQR (1.5x),0.3,0.3854577241727524,0.000721245230848319,1.601867177598352e-159,1490,2.3608532625259674e-05
L50pct,20,IQR (1.5x),1.0,0.38509199971194685,1.1470401726018376e-07,4.708308176341142e-123,1147,4.283499382955864e-09
ALL,1,Abs (200k),0.5,0.38458146011390254,6.3889358789497305e-06,0.0,22608,5.375362826479925e-08
ALL,1,Raw,0.5,0.38458146011390254,6.3889358789497305e-06,0.0,22608,5.375362826479925e-08
ALL,1,Abs (100k),0.5,0.38458146011390254,6.3889358789497305e-06,0.0,22608,5.375362826479925e-08
L20,5,Pctl (1%-99%),1.0,0.384367204708426,1.0094251458704683e-07,0.0,5321,1.7516479895045033e-09
L5,30,Winsorized,1.0,0.38396899714972726,5.10452461509432e-07,1.135213655575742e-98,920,2.1339643839842077e-08
L3,5,Pctl (1%-99%),0.7,0.38385775799492383,2.4089246857613882e-05,0.0,5321,4.184692571562882e-07
L10,10,Raw,1.0,0.383546076177112,1.764420250929091e-07,1.0692260524701579e-290,2747,4.269454581535549e-09
L20,60,IQR (1.5x),1.0,0.38353883869279515,1.32022062915781e-07,4.29420182442134e-43,394,8.45379411258703e-09
L2,20,Pctl (5%-95%),0.7,0.38333682603632246,3.7078766911362994e-05,6.503734343660216e-132,1238,1.337672451353102e-06
L2,45,Z-Score (3),1.0,0.38323481496087863,1.370180081704402e-06,3.5087665669012086e-65,604,7.084461619770534e-08
L20,10,Pctl (5%-95%),1.0,0.38311398743079994,1.434424569819438e-07,2.6403804156081604e-261,2471,3.6631578042300483e-09
L5,10,Winsorized,1.0,0.38299664991239457,5.353993844498124e-07,3.6341394839997713e-290,2747,1.2970387961333804e-08
L50pct,1,Winsorized,0.5,0.382600420134429,1.3359800965208996e-05,0.0,22608,1.1287520964156705e-07
L5,20,IQR (1.5x),0.7,0.38234995602211075,1.3965339701650106e-05,1.6480049904193818e-125,1181,5.169342618808158e-07
L10,30,IQR (1.5x),0.7,0.3823380716590779,7.536539543722146e-06,5.517707018817666e-84,785,3.4232825392763696e-07
L10,90,MAD (3),1.0,0.3820372301941702,2.911542136619542e-07,5.9907797817812956e-30,271,2.2577468831069054e-08
L10,90,IQR (1.5x),1.0,0.3820372301941702,2.911542136619542e-07,5.9907797817812956e-30,271,2.2577468831069054e-08
L10,5,Pctl (5%-95%),0.3,0.3813080448781732,0.0003140251799554767,0.0,4887,5.723101384764717e-06
ALL,20,Pctl (5%-95%),0.5,0.38098701872544455,9.060757361726322e-06,6.843360216173636e-131,1238,3.285111044909481e-07
ALL,10,MAD (3),0.3,0.3808408327726796,6.679887444179295e-05,2.0519540722155373e-256,2443,1.7239102648513476e-06
L5,45,IQR (1.5x),0.7,0.3808286627431264,1.4541484871764016e-05,2.6811328925977705e-58,543,7.971696049513491e-07
L5,45,Pctl (5%-95%),0.7,0.37966200766895886,1.4165813228023066e-05,4.067368232743071e-59,553,7.714030152943249e-07
L50pct,15,IQR (1.5x),0.7,0.37940495937014174,2.682208132621981e-06,1.6800974700866723e-160,1530,8.775733910140016e-08
L5,15,MAD (3),0.5,0.3790331904310632,0.00010424827162093036,3.897943803950559e-164,1567,3.37292951584634e-06
L50pct,1,Abs (200k),0.7,0.3787708143050383,1.4597660068373045e-06,0.0,22601,1.2435873816363155e-08
L10,20,IQR (1.5x),0.7,0.37827210534776895,6.943952641303014e-06,8.016682520411342e-124,1181,2.592673721793571e-07
L5,30,Pctl (5%-95%),0.7,0.3781585818060155,1.4578217208814723e-05,2.775343827011556e-87,828,6.504549684530088e-07
L10,1,Abs (200k),0.7,0.37810655528711107,3.872938975415303e-06,0.0,22608,3.303540827161253e-08
L10,1,Raw,0.7,0.37810655528711107,3.872938975415303e-06,0.0,22608,3.303540827161253e-08
L3,10,Winsorized,1.0,0.3774632522310978,1.0139248826166796e-06,7.680400769009358e-285,2747,2.4853054048329045e-08
L3,1,Winsorized,0.5,0.3773516780937287,0.00015106325290397153,0.0,22608,1.2906106329974323e-06
L2,20,Pctl (1%-99%),1.0,0.3765171656907311,1.44012059908956e-06,2.9228180676641658e-140,1348,5.051218935929824e-08
L3,30,Pctl (1%-99%),1.0,0.37639723881505505,9.8479435194614e-07,3.5503173698814923e-94,900,4.229978706062119e-08
L3,15,Z-Score (3),1.0,0.3758082219240138,9.803321928936238e-07,5.758301672055607e-187,1807,2.9737916978035795e-08
L2,30,Z-Score (3),1.0,0.37502292619280714,1.4997951794163165e-06,3.724718626565806e-94,904,6.446616251341315e-08
L20,1,Winsorized,0.7,0.3745639656083376,2.058791422622273e-06,0.0,22608,1.7694118892684808e-08
L2,45,MAD (3),0.7,0.3743308236022282,3.611336065365405e-05,8.331090998860174e-59,560,1.9764935012327796e-06
ALL,20,Z-Score (3),1.0,0.37408233383029915,3.5441616489324764e-08,3.195182038986422e-139,1349,1.2491216312566494e-09
L3,20,IQR (1.5x),0.7,0.37327726865434,2.4165519187192502e-05,5.441226641598377e-123,1193,9.073235871762515e-07
L5,10,Pctl (5%-95%),0.7,0.37273217788211627,1.553756608993662e-05,2.373460478417956e-252,2471,4.056490892579169e-07
L3,60,MAD (3),0.7,0.372420253423383,2.1281822680287112e-05,5.049520024132822e-45,428,1.3385106617983857e-06
L10,1,Abs (100k),0.7,0.37212712219921873,3.8755138157874436e-06,0.0,22607,3.348245032550188e-08
L3,15,Pctl (5%-95%),0.7,0.3721060614713222,2.6291992282589165e-05,7.323763865723463e-169,1651,8.410521808753278e-07
L3,15,Pctl (1%-99%),1.0,0.3720944349586176,9.97890367316915e-07,1.2568313507243253e-183,1797,3.0596460067673194e-08
L50pct,10,MAD (3),0.3,0.3713832422206167,0.0001319673381898508,3.2047995898415625e-231,2273,3.6027963605140206e-06
L20,1,Abs (100k),0.7,0.37093001785585594,1.8383522940715453e-06,0.0,22559,1.5940119116315286e-08
ALL,20,IQR (1.5x),0.3,0.370865157071286,6.627045140166858e-05,6.534395314577451e-124,1212,2.4813675366838923e-06
L2,5,Pctl (5%-95%),0.5,0.37056194681393717,0.00031360891546884157,0.0,4887,5.847930524000575e-06
L20,15,IQR (1.5x),0.7,0.3705526401497641,3.3177008046191163e-06,4.310544679800912e-155,1523,1.1087339939418635e-07
ALL,90,MAD (3),1.0,0.3704669136545885,4.433981460901732e-08,1.76755153546075e-30,287,3.4237812514627807e-09
ALL,20,MAD (3),0.5,0.3703364993824189,8.895680646984493e-06,4.180780745406414e-126,1236,3.3020040743847494e-07
L5,20,Pctl (5%-95%),1.0,0.3702511532385034,6.673536420061115e-07,2.860497068575544e-126,1238,2.4756102947260685e-08
L5,10,Z-Score (3),1.0,0.3700252679405031,5.504707603992675e-07,1.2318794709566757e-272,2696,1.3838255153162876e-08
ALL,5,Z-Score (3),0.7,0.3698980901718143,9.93968094217789e-07,0.0,5334,1.7766084652953865e-08
L2,5,Z-Score (3),0.7,0.36952376396170233,3.852676403778926e-05,0.0,5329,6.895001405324129e-07
L50pct,1,Winsorized,0.7,0.3693462935107519,1.6538036241435526e-06,0.0,22608,1.43731077512048e-08
L3,30,Winsorized,1.0,0.36862987755138055,8.87554182151315e-07,9.261226985326989e-94,920,3.833719036414653e-08
L2,60,Pctl (5%-95%),0.7,0.3685867319670021,3.589666280563111e-05,4.7184797247848915e-43,414,2.314688054555489e-06
L2,15,MAD (3),0.5,0.36848902296435376,0.0002914731091881039,2.0921145028501083e-161,1597,9.554243915347467e-06
L2,60,IQR (1.5x),0.7,0.36842939115785184,3.563605044619777e-05,3.94342705038856e-43,415,2.2958756429667736e-06
L20,5,Pctl (5%-95%),0.3,0.3678773422863584,0.00014788478933975492,0.0,4887,2.7735779853756207e-06
ALL,20,MAD (3),0.7,0.36766036354285714,1.1478276136890464e-06,4.5980646302082265e-126,1247,4.26622532335831e-08
L5,30,Z-Score (3),1.0,0.36761677040152346,5.284547819437862e-07,1.208734869668651e-91,902,2.3103569941899037e-08
ALL,15,Pctl (1%-99%),1.0,0.36723163951318294,3.645031146737675e-08,1.285671385186945e-180,1797,1.1293312590175488e-09
L2,20,MAD (3),0.7,0.36711435252889396,3.824487680452035e-05,1.883077004728137e-121,1203,1.4489843810748932e-06
L10,1,Winsorized,0.7,0.36702346912015077,4.558214878385805e-06,0.0,22608,3.981345055677187e-08
L10,60,MAD (3),1.0,0.36660687109255025,2.8079675778731206e-07,2.8410990646112626e-42,409,1.8294951309890207e-08
L2,10,IQR (1.5x),0.3,0.36637909340697,0.0018601270597668636,2.3078593835819397e-208,2082,5.363649011198846e-05
L10,15,IQR (1.5x),0.5,0.36635008045187356,5.068973027624647e-05,5.440051644646804e-153,1524,1.7087919936194137e-06
ALL,5,Pctl (1%-99%),0.7,0.3663380649518713,9.969335718375733e-07,0.0,5321,1.7977902139575233e-08
L2,5,Pctl (1%-99%),0.7,0.36589917187819776,3.860436462629842e-05,0.0,5321,6.968188022349793e-07
L5,60,IQR (1.5x),0.7,0.3658812120259552,1.2401659794812493e-05,2.2710270745627183e-42,411,8.07297142757967e-07
L50pct,5,Pctl (5%-95%),0.3,0.3655519508972231,0.00011824137931161034,0.0,4887,2.2287465469954543e-06
ALL,30,MAD (3),0.7,0.36534081310690203,1.218161182332502e-06,8.172158540187461e-84,830,5.5796990839457075e-08
ALL,10,Abs (200k),0.7,0.36499478687217124,1.1190110619659115e-06,1.3248022282823663e-258,2601,2.8951865635465902e-08
ALL,1,Winsorized,0.3,0.36441254465032114,5.090026355836151e-05,0.0,22608,4.4709433644610125e-07
ALL,15,Z-Score (3),1.0,0.36435191475704237,3.697079523867854e-08,3.717758165811898e-178,1790,1.1548428199594453e-09
L5,5,Winsorized,1.0,0.364050954885066,5.354963367364029e-07,0.0,5431,9.605647736574064e-09
L5,30,Pctl (5%-95%),1.0,0.3636925380463544,7.365845024016758e-07,3.7715182267376686e-83,828,3.3899935061550074e-08
L2,60,Winsorized,1.0,0.3633932019672049,1.3206809127916845e-06,7.515615862784984e-47,460,8.167937367155803e-08
L5,90,IQR (1.5x),1.0,0.3633731404845809,5.784886352573043e-07,1.6970711091766573e-28,274,4.642762276864361e-08
L2,15,Winsorized,1.0,0.36323879777813844,1.5173166081076104e-06,6.828699537080598e-182,1835,4.692315023498546e-08
L10,5,Pctl (1%-99%),1.0,0.36311762835938693,2.3318737336659653e-07,0.0,5321,4.234439993596526e-09
ALL,15,IQR (1.5x),0.5,0.3630372114381959,9.742501723388781e-06,2.1849712660880604e-160,1617,3.2111876686400566e-07
L5,10,Pctl (1%-99%),1.0,0.3629961906788174,5.515551574420805e-07,1.1907733163523384e-265,2691,1.409008229797068e-08
L10,5,Z-Score (3),1.0,0.3626121208933515,2.3139583555951232e-07,0.0,5325,4.204922998540775e-09
L3,60,Z-Score (3),1.0,0.36250394029892025,8.438451190826629e-07,9.94677701060556e-46,450,5.2869611891681306e-08
L3,45,Pctl (5%-95%),0.7,0.3619753999744542,2.3860676268695152e-05,9.619766629151816e-56,553,1.3495411535064502e-06
ALL,45,MAD (3),0.7,0.36143380543051534,1.2690120739952763e-06,2.007816331735621e-56,561,7.134251690448835e-08
ALL,90,Pctl (5%-95%),1.0,0.3613948248129926,4.406104809204082e-08,1.31710256250545e-28,277,3.531943348383204e-09
L3,10,Pctl (5%-95%),0.7,0.360450557947335,2.7894086584727097e-05,6.004930177875106e-242,2471,7.477661659534578e-07
ALL,5,Abs (200k),0.7,0.3603745564752074,9.995744842502886e-07,0.0,5297,1.8300711910673557e-08
L5,1,Pctl (1%-99%),0.3,0.3602478544541301,0.000530607593493904,0.0,22154,4.750859243840056e-06
L3,1,Pctl (1%-99%),0.3,0.3602268523314641,0.0009620771787097768,0.0,22154,8.614466847832518e-06
L5,15,IQR (1.5x),0.5,0.3601043569693135,0.00011266200131870194,5.854650655542445e-146,1485,3.89984435812036e-06
ALL,15,Abs (200k),0.7,0.35989356796009353,1.1762089459095937e-06,1.4142569402503505e-164,1678,3.831656108180769e-08
L2,45,IQR (1.5x),0.7,0.3596643721040014,3.561500916232311e-05,3.2683698459368214e-55,552,2.0263144394456862e-06
L3,15,MAD (3),0.5,0.35846500862003505,0.00018304245306889071,1.9530195314743106e-153,1571,6.1819735971468265e-06
ALL,20,Pctl (5%-95%),0.7,0.35809831604804165,1.1358579772144524e-06,3.924257959979936e-121,1238,4.325615524193229e-08
L5,30,MAD (3),0.7,0.3580144921425271,1.4414471497700493e-05,2.678331403622512e-80,815,6.76964289290474e-07
L2,1,Abs (100k),0.5,0.35751648338206415,0.00021070572981387998,0.0,22608,1.8786567799202813e-06
L2,1,Abs (200k),0.5,0.35751648338206415,0.00021070572981387998,0.0,22608,1.8786567799202813e-06
L2,1,Raw,0.5,0.35751648338206415,0.00021070572981387998,0.0,22608,1.8786567799202813e-06
L2,20,IQR (1.5x),0.7,0.3574551117741629,3.97530793107577e-05,6.746523673775219e-115,1176,1.5555275492903051e-06
L10,20,Pctl (5%-95%),1.0,0.35707481690685117,2.9279338857445766e-07,1.0519236388664809e-120,1238,1.1175131391484268e-08
L5,1,Raw,0.7,0.35693627187459065,8.766759136126684e-06,0.0,22608,7.826343015286827e-08
L5,1,Abs (200k),0.7,0.35693627187459065,8.766759136126684e-06,0.0,22608,7.826343015286827e-08
L5,1,Abs (100k),0.7,0.35693627187459065,8.766759136126684e-06,0.0,22608,7.826343015286827e-08
L3,60,Winsorized,1.0,0.35645956302953063,8.205186170259877e-07,9.066602523284574e-46,460,5.1515567177867516e-08
L3,30,Pctl (5%-95%),0.7,0.3563437129115641,2.3735971403798866e-05,4.370692086799555e-81,828,1.1099654070747822e-06
L3,45,IQR (1.5x),0.7,0.3562886737088813,2.3524423458616683e-05,8.958296177713393e-55,554,1.3458418122007088e-06
L50pct,15,MAD (3),1.0,0.35628804511110523,1.245290588147799e-07,3.5780972920770216e-150,1549,4.255697117243899e-09
L3,45,MAD (3),0.7,0.356184921384629,2.2192403138962968e-05,5.290971407995108e-56,567,1.2552288602014807e-06
L10,30,Pctl (5%-95%),1.0,0.35606104011583595,3.0329060360553155e-07,5.24173093247997e-81,828,1.4191524607081763e-08
L2,45,Pctl (5%-95%),0.7,0.3554792214439136,3.5088947250288685e-05,1.581684761003858e-54,553,2.0128244095846636e-06
L10,5,Pctl (5%-95%),0.5,0.3552849339751802,4.689956070900868e-05,0.0,4887,9.039241815644802e-07
L3,60,IQR (1.5x),0.7,0.3540789814738831,2.147013929374028e-05,1.387311105561685e-41,420,1.4183596113016127e-06
L3,10,Z-Score (3),1.0,0.3540067905120837,9.744229788569632e-07,5.550401809608282e-259,2707,2.5308829629555948e-08
L3,30,IQR (1.5x),0.5,0.3537001792196341,0.0001750857454216757,2.1078579025523124e-77,797,8.393954349804924e-06
L5,30,Pctl (1%-99%),1.0,0.35353628467746384,5.240819266829668e-07,3.8407064996538946e-87,900,2.364918043521858e-08
ALL,45,IQR (1.5x),0.7,0.3533009072618152,1.2807459258182026e-06,1.494143846667581e-53,547,7.422385066074874e-08
L20,10,MAD (3),0.3,0.35305126912597345,0.00016049883360109475,1.3846446488622805e-212,2226,4.607024621239002e-06
L5,60,Raw,1.0,0.3530386996240953,4.066570667797533e-07,3.067447722714281e-45,460,2.572311615809484e-08
L2,30,MAD (3),0.7,0.35285659441007045,3.977487950725736e-05,2.3435939465430814e-79,820,1.8833601058482252e-06
L20,45,Pctl (5%-95%),1.0,0.35267947159817165,1.2560374977567705e-07,5.241270547658137e-54,553,7.249305545118882e-09
L2,90,Z-Score (3),1.0,0.3520839378253243,1.1118132061680337e-06,1.7182983396299195e-30,306,8.650302666062294e-08
ALL,45,Pctl (5%-95%),0.7,0.35191741487758277,1.2241486704429478e-06,7.255614610381893e-54,553,7.077064637319761e-08
L50pct,45,Abs (100k),0.7,0.3518830662244908,2.9051520807005792e-06,2.7207784381601234e-46,473,1.8167113061597248e-07
L5,5,Z-Score (3),1.0,0.3517420781944121,5.583250799467168e-07,0.0,5341,1.0373347580240552e-08
L2,1,Pctl (1%-99%),0.3,0.35139489891167847,0.001566773215441808,0.0,22154,1.4301846772619637e-05
L50pct,5,Pctl (5%-95%),0.5,0.3513725239910803,1.7440088789024065e-05,0.0,4887,3.3902379360355255e-07
ALL,15,MAD (3),0.7,0.3511758385890414,1.158745487351908e-06,3.5421465524353046e-159,1673,3.85301787535449e-08
L2,30,Pctl (1%-99%),1.0,0.35093498607663204,1.5004719787362566e-06,2.3392768766996133e-86,900,6.809582530277268e-08
L10,15,MAD (3),0.7,0.35090300059382035,6.810568864361908e-06,1.3604763741472855e-148,1562,2.3452133042108363e-07
L2,10,Winsorized,1.0,0.3508572075973939,1.5533249203408628e-06,7.026687827359756e-260,2747,4.032701286475339e-08
L2,1,Winsorized,0.5,0.3502213829329338,0.0002468156770945499,0.0,22608,2.2360023636259523e-06
L5,1,Winsorized,0.7,0.34982135640158385,1.0557800382624305e-05,0.0,22608,9.573148046610502e-08
L50pct,1,Abs (100k),0.7,0.34954880701408303,1.4960526575647116e-06,0.0,22468,1.3615620805714044e-08
L5,5,Pctl (1%-99%),1.0,0.34932170955640773,5.75059754378025e-07,0.0,5321,1.076138946915934e-08
L2,30,IQR (1.5x),0.7,0.3493197745982703,4.144121242764364e-05,9.132030025885288e-76,792,2.012292580133995e-06
L5,5,Pctl (5%-95%),0.5,0.3491878904723077,0.00010758316818499691,0.0,4887,2.101407466087007e-06
L10,1,Pctl (1%-99%),0.3,0.34917229699872665,0.00023433386858326999,0.0,22154,2.1495211187206278e-06
ALL,10,IQR (1.5x),0.3,0.3489365347374832,6.80511893880847e-05,9.110998724832058e-223,2368,1.9110268580490684e-06
L2,30,Winsorized,1.0,0.3485128991824938,1.373687114784835e-06,1.7028836568897699e-87,920,6.198833425406403e-08
L3,10,Pctl (1%-99%),1.0,0.34847826763278983,1.0130079503836946e-06,1.7503719908012061e-252,2691,2.6711240435218105e-08
L5,15,Pctl (5%-95%),1.0,0.347617307322646,7.261242299767324e-07,3.797302840505263e-155,1651,2.449633547442202e-08
L20,5,Pctl (5%-95%),0.5,0.34753670827996463,2.1346940476128777e-05,0.0,4887,4.184861166891297e-07
L2,20,Abs (200k),1.0,0.34721954512192715,1.6208328233200702e-06,1.0177757643050832e-121,1293,6.185240504297164e-08
L2,90,Pctl (1%-99%),1.0,0.34704826642359304,1.2281415056372704e-06,1.642835177643911e-29,301,9.742230811439961e-08
ALL,20,IQR (1.5x),0.5,0.34682002103642,8.985723481147525e-06,7.41210199464561e-114,1210,3.548002644113134e-07
L3,30,Z-Score (3),1.0,0.3466312559901847,9.24093810061258e-07,2.9862151143799743e-85,902,4.2290237433619376e-08
L3,30,MAD (3),0.7,0.34638702787641207,2.390128461715005e-05,2.118436650450144e-77,818,1.149358960329732e-06
ALL,1,Winsorized,0.5,0.34632113681791954,6.680063993582444e-06,0.0,22608,6.10395724864532e-08
L2,60,MAD (3),1.0,0.34630064324477716,1.6796538448586335e-06,4.024945326713903e-40,416,1.1341800334979516e-07
L2,15,Pctl (5%-95%),0.7,0.34607124509853204,4.0254578001287726e-05,2.679347196051973e-154,1651,1.3626596936502692e-06
L50pct,15,IQR (1.5x),1.0,0.346064686561364,1.2812614245135578e-07,5.406398095449098e-141,1507,4.540025097847876e-09
L5,45,Raw,1.0,0.3454396537048406,3.444037318282172e-07,2.118845082443681e-58,615,1.914812978951021e-08
L10,10,Pctl (5%-95%),1.0,0.34543710558773194,3.2859467405713075e-07,1.6908318635130646e-229,2471,9.103138980491103e-09
L20,15,MAD (3),1.0,0.3452338226482294,1.553775879459064e-07,2.356890655908788e-144,1548,5.442144645547439e-09
ALL,60,Pctl (5%-95%),1.0,0.34517784113580663,4.478837422369376e-08,8.803436955496302e-40,414,3.0391834794096197e-09
ALL,5,Raw,1.0,0.3450488422453457,2.9570015690053182e-08,0.0,5431,5.529117304836088e-10
L5,15,MAD (3),0.7,0.3450217786766754,1.4620472894827058e-05,4.6262247167834195e-144,1546,5.126582454765144e-07
L10,15,Pctl (5%-95%),1.0,0.34498022341840506,3.0744315385142514e-07,1.0607961023339614e-153,1651,1.0432409009225554e-08
L2,10,Pctl (5%-95%),0.7,0.3449243782678657,4.377093043068754e-05,4.448568612358534e-229,2471,1.2139729428466165e-06
L3,5,Winsorized,1.0,0.3441594823450941,1.0185098771824234e-06,0.0,5431,1.908203008156929e-08
ALL,1,Raw,0.7,0.3437096772043054,7.148568836888875e-07,0.0,22608,6.569909121381146e-09
ALL,30,IQR (1.5x),0.7,0.3436873221576469,1.2668122276808348e-06,9.444640454563275e-76,808,6.166210782977712e-08
ALL,10,Pctl (5%-95%),0.5,0.34328484146592414,9.052292276073778e-06,9.75954774857145e-228,2471,2.519760305109072e-07
L5,20,MAD (3),1.0,0.3431998270573709,7.280102912738998e-07,1.4574884593997815e-108,1168,2.9493841530692014e-08
L2,60,Pctl (5%-95%),1.0,0.3418029328407728,1.6147187476246136e-06,2.5507449298872122e-39,414,1.1039219241380517e-07
L5,45,MAD (3),1.0,0.34155952947432183,6.904839969880217e-07,1.3530250458114246e-50,538,4.140914636292406e-08
ALL,15,Pctl (5%-95%),0.7,0.3414625977707216,1.1824610311200624e-06,8.823976234403565e-152,1651,4.043851160341926e-08
L3,1,Z-Score (3),0.3,0.3413776538361113,0.0009551746106120174,0.0,21980,8.949306281363802e-06
L3,60,MAD (3),1.0,0.3404733151048603,1.0152159595422553e-06,1.3599861296248545e-39,419,6.919346117034568e-08
L5,1,Z-Score (3),0.3,0.3404324833696279,0.0005309937031935224,0.0,22000,4.983241160711962e-06
L2,30,Pctl (5%-95%),0.7,0.34023441678592187,3.906912114654167e-05,1.2143572697447286e-76,828,1.892994382340648e-06
L3,45,Raw,1.0,0.33954002502662434,5.827642213548062e-07,3.3433177695187566e-57,615,3.2827696300840755e-08
L50pct,5,Pctl (5%-95%),0.7,0.33941535166322573,2.3462739383334235e-06,0.0,4887,4.683223994675112e-08
L10,1,Z-Score (3),0.3,0.3391246188989682,0.00023379994550665038,0.0,22067,2.1972150610465985e-06
L10,60,IQR (1.5x),1.0,0.33902674673019567,2.9154361029069265e-07,3.186883675140946e-37,395,2.053440929153212e-08
L3,60,Pctl (5%-95%),0.7,0.3384425136523501,2.1197255052696787e-05,7.317819146946681e-39,414,1.4600655555480357e-06
L5,90,Raw,1.0,0.33816168901827803,3.519108446003191e-07,2.3777341981752388e-29,309,2.8098116715315266e-08
L20,1,Winsorized,1.0,0.33791631872468125,7.646525492500213e-08,0.0,22608,7.118756505728913e-10
L2,15,MAD (3),0.7,0.3365880369180933,4.3521159559744444e-05,1.035134190331633e-142,1579,1.5386042319885332e-06
L2,15,Z-Score (3),1.0,0.33591068394274487,1.4599043682219988e-06,1.4403649835659184e-162,1806,4.83289633297064e-08
L2,10,Z-Score (3),1.0,0.3356600381797226,1.5054416216028962e-06,8.68720242469367e-243,2710,4.069911426433986e-08
L50pct,1,Winsorized,1.0,0.3353282415071004,6.13287622514366e-08,0.0,22608,5.742762893147569e-10
L5,20,IQR (1.5x),1.0,0.3349168864949329,7.252961015646341e-07,5.780128079115831e-104,1152,3.0139487347555944e-08
L5,20,Raw,1.0,0.3347852725863924,3.506180779394946e-07,8.803481181412757e-124,1376,1.3333332015404347e-08
L5,45,Pctl (5%-95%),1.0,0.3347315188378129,6.30681909480328e-07,1.0067716776598747e-50,553,3.7877799809748134e-08
L20,5,Pctl (5%-95%),0.7,0.3344885893727221,2.900341264431345e-06,0.0,4887,5.8533422317997855e-08
L50pct,10,MAD (3),0.5,0.3343081876113289,1.8855710249849654e-05,3.9069267902405997e-199,2230,5.637004789142704e-07
L5,10,Pctl (5%-95%),1.0,0.33420097757207523,7.51818969733837e-07,2.293004029177222e-220,2471,2.1356026603706273e-08
L2,15,IQR (1.5x),0.5,0.33411491608333427,0.00029131446052939065,6.327538498968342e-137,1528,1.0527772398860869e-05
L50pct,10,IQR (1.5x),0.3,0.33404123146447434,0.00013302858663806667,4.7256961117414615e-195,2186,4.019224755540105e-06
L10,20,MAD (3),1.0,0.3337406009522479,3.136883623943487e-07,4.6713132870283885e-107,1192,1.2848193801531195e-08
L2,15,Pctl (1%-99%),1.0,0.33315928564821745,1.5238200224395984e-06,3.740080797890122e-160,1797,5.088462077446525e-08
ALL,10,Pctl (1%-99%),1.0,0.3324982546675213,3.448727001939655e-08,2.5243265497598942e-238,2691,9.423124607327617e-10
L20,1,Raw,1.0,0.33241450021165286,6.010370301098734e-08,0.0,22608,5.665038110612124e-10
L20,10,IQR (1.5x),0.3,0.3322641725136598,0.00015682718360310354,2.8271276248204445e-190,2146,4.801418206319115e-06
ALL,5,Winsorized,1.0,0.33201050743768806,3.259132994250332e-08,0.0,5431,6.274094611288048e-10
L10,5,Raw,1.0,0.3318901810963356,1.501409340968956e-07,0.0,5431,2.8911186671490376e-09
L20,1,Pctl (1%-99%),0.3,0.3318607753138094,0.00010613367264144934,0.0,22154,1.0118176340562159e-06
L3,5,Pctl (5%-95%),0.7,0.331503269977045,2.78405201518432e-05,0.0,4887,5.65653913692332e-07
L10,1,Pctl (1%-99%),0.5,0.33148897268650784,3.319713340929043e-05,0.0,22154,3.167479824278703e-07
ALL,20,Abs (200k),0.7,0.3312230866322129,1.0811736477924564e-06,3.817603074547934e-109,1227,4.389426120607734e-08
ALL,90,IQR (1.5x),1.0,0.33096227423663876,4.3733098071623084e-08,8.285794969059068e-26,277,3.749556954584522e-09
ALL,15,IQR (1.5x),0.7,0.3308165033675539,1.1872340297527069e-06,1.2380121283812676e-144,1635,4.178517942897886e-08
L10,5,Pctl (5%-95%),0.7,0.33027944148797267,6.556629434341151e-06,0.0,4887,1.3358398643738882e-07
L2,1,Z-Score (3),0.3,0.32997410142045147,0.0015484481371263398,0.0,21992,1.487955409833731e-05
ALL,10,Z-Score (3),1.0,0.32994598534579506,3.429199163122155e-08,4.287460682863584e-236,2691,9.423902637265765e-10
L3,1,Winsorized,0.7,0.329856557579809,1.958685055468489e-05,0.0,22608,1.8568382467585165e-07
L5,60,Pctl (5%-95%),1.0,0.32936915595425936,5.439174436875957e-07,1.2271056824874272e-37,414,3.823707629051699e-08
L5,30,IQR (1.5x),0.7,0.32892602413593897,1.4884786159387454e-05,5.035934423285598e-70,787,7.588288818732107e-07
ALL,10,MAD (3),0.5,0.32891823172430634,9.128943820335002e-06,1.1723196281136413e-212,2431,2.6457604718469597e-07
L10,30,MAD (3),1.0,0.32831251332914085,3.245043979766502e-07,2.1782508482438736e-70,793,1.650335555132382e-08
L3,60,Pctl (5%-95%),1.0,0.3279272506340273,1.0322065030946856e-06,1.9141240251730195e-37,414,7.28010045669285e-08
L5,5,Pctl (5%-95%),0.7,0.3279130307622841,1.5402913640580603e-05,0.0,4887,3.1550336561429843e-07
L5,1,Pctl (1%-99%),0.5,0.32688465441851466,7.658448346634612e-05,0.0,22154,7.383831805470318e-07
L50pct,1,Pctl (1%-99%),0.3,0.32632408074624425,8.551309590362271e-05,0.0,22154,8.255190671125873e-07
L3,1,Pctl (1%-99%),0.5,0.32570345652536287,0.00014428837398923494,0.0,22154,1.3948873986121473e-06
L3,45,IQR (1.5x),1.0,0.32551127761820464,1.1380450123779367e-06,8.798988656015299e-48,538,7.07589486364601e-08
L10,1,Winsorized,1.0,0.32474361780122046,1.790507923434495e-07,0.0,22608,1.7172298223910682e-09
L20,1,Pctl (1%-99%),0.5,0.3239149036470073,1.4684046836700337e-05,0.0,22154,1.4253597982840678e-07
L20,1,Z-Score (3),0.3,0.3233941394640729,0.00010621868468129966,0.0,22073,1.034169484335879e-06
L3,20,Pctl (5%-95%),1.0,0.32201088839885744,1.0733460890746394e-06,1.9806725430713521e-106,1238,4.430029557704992e-08
L2,45,Pctl (5%-95%),1.0,0.32172827697910583,1.7582220086803224e-06,2.1257146153611112e-48,553,1.087564822992048e-07
L20,15,IQR (1.5x),1.0,0.32162419033058703,1.560238125801084e-07,4.5274280164103044e-129,1508,5.839010062026526e-09
L2,90,Pctl (5%-95%),1.0,0.32133745302379607,1.5592279288872875e-06,5.991784401101455e-25,277,1.36643672604309e-07
L5,60,MAD (3),1.0,0.3211426107276988,5.622810206243542e-07,4.930425224591401e-36,408,4.05724016023566e-08
L3,1,Abs (100k),0.7,0.32082761081426053,1.5358034311017387e-05,0.0,22608,1.4862022493828908e-07
L3,1,Raw,0.7,0.32082761081426053,1.5358034311017387e-05,0.0,22608,1.4862022493828908e-07
L3,1,Abs (200k),0.7,0.32082761081426053,1.5358034311017387e-05,0.0,22608,1.4862022493828908e-07
L3,60,Raw,1.0,0.3206629691872948,6.574637261748768e-07,2.310996213852031e-40,460,4.471541825026774e-08
L3,20,Raw,1.0,0.3206020036289861,5.990692598991047e-07,1.772499365411453e-117,1376,2.3526790411382884e-08
L3,15,IQR (1.5x),0.5,0.3205127713290061,0.00018478958385794244,4.8710795464771475e-129,1514,6.919418069598452e-06
L3,90,Pctl (1%-99%),1.0,0.3200722558450554,7.79310177713428e-07,7.265863563367362e-27,301,6.56874072202039e-08
L3,45,Pctl (5%-95%),1.0,0.3199914247557954,1.1056431634191899e-06,4.3118046721662134e-48,553,6.866370127461192e-08
L50pct,1,Raw,1.0,0.3197979377920235,4.6238971990928084e-08,0.0,22608,4.4851549477125603e-10
L3,15,MAD (3),0.7,0.3195216566994415,2.7014344577358792e-05,6.568768764023237e-132,1554,1.000703873939618e-06
L2,10,IQR (1.5x),0.5,0.3194521824510373,0.0003006436853342778,9.319021854014478e-183,2162,9.441730584870909e-06
L5,15,Raw,1.0,0.3194158562421928,3.5484186886262674e-07,2.25846150739961e-155,1835,1.2098075852156867e-08
L3,90,Z-Score (3),1.0,0.31927015079214566,7.098803211171816e-07,3.99463905470927e-27,305,5.9548669343113886e-08
L5,60,IQR (1.5x),1.0,0.31885753277196593,6.118756996212557e-07,1.7760978258238418e-34,393,4.522675885214677e-08
L10,20,IQR (1.5x),1.0,0.3181795066200046,3.45022342187149e-07,6.503902209223846e-97,1142,1.4958695324833423e-08
L3,30,IQR (1.5x),0.7,0.31815349517779756,2.3312922092466398e-05,1.8024459013639055e-68,801,1.2073919686115868e-06
ALL,20,IQR (1.5x),0.7,0.3176922805513968,1.0710828349208824e-06,1.000883372869064e-102,1214,4.508774972781479e-08
L50pct,1,Pctl (1%-99%),0.5,0.31760935498444026,1.1884905089641758e-05,0.0,22154,1.1704668977363607e-07
L3,60,IQR (1.5x),1.0,0.3171893851464214,9.978817166021921e-07,2.86802757465459e-35,405,7.29318704470093e-08
L2,90,Abs (200k),1.0,0.3169895822135074,1.752139817828974e-06,2.6768402411209975e-20,226,1.7184461175779658e-07
L2,10,MAD (3),0.5,0.3164356649773919,0.00029486079958515864,1.517082738402433e-187,2245,9.150596105834545e-06
L3,30,Pctl (5%-95%),1.0,0.31589329009270195,1.186825816189575e-06,3.967984011523613e-70,828,6.076992291944883e-08
L50pct,1,Z-Score (3),0.3,0.3154119678069056,8.469964071099227e-05,0.0,22077,8.39859771242765e-07
L2,60,Abs (200k),1.0,0.3152736245695416,1.593903741816369e-06,4.9094286421088735e-33,381,1.2065829771938247e-07
L5,15,MAD (3),1.0,0.3150356298376671,8.170060085604139e-07,1.4137785392713692e-125,1504,3.108453948318434e-08
L20,5,Pctl (5%-95%),1.0,0.3147945077853732,1.3279927269740752e-07,0.0,4887,2.803239840627077e-09
L2,20,Pctl (5%-95%),1.0,0.3146682786911629,1.735463174213774e-06,1.5590902181366197e-103,1238,7.285009156938418e-08
L2,10,Pctl (1%-99%),1.0,0.3138520019155065,1.5178630733765194e-06,3.177770935874795e-222,2691,4.327964034974142e-08
L50pct,5,Pctl (5%-95%),1.0,0.3137629647003909,1.049020236541589e-07,0.0,4887,2.2196669649643453e-09
L2,90,IQR (1.5x),1.0,0.3137345793308496,1.56145160711855e-06,3.391801750890147e-24,276,1.3951410310365692e-07
L10,60,Pctl (5%-95%),1.0,0.31360940204202503,2.42889145034981e-07,1.5047348996574931e-35,414,1.7703153048092227e-08
ALL,1,Winsorized,0.7,0.31344053907012015,7.595164346083395e-07,0.0,22608,7.476301539809151e-09
L5,15,IQR (1.5x),0.7,0.31322959461554506,1.5358717493968394e-05,1.3667536333430628e-122,1478,5.919515542637624e-07
L10,1,Z-Score (3),0.5,0.312451977110992,3.3019132087874455e-05,0.0,22033,3.2999581224444134e-07
L20,1,Z-Score (3),0.5,0.31227465466290555,1.4677812999787465e-05,0.0,22062,1.466552933500854e-07
L3,5,Z-Score (3),1.0,0.3121343385746696,9.686376883569181e-07,0.0,5364,1.9637174457645613e-08
L10,30,IQR (1.5x),1.0,0.3115149123409017,3.6567979875996864e-07,7.004378913215204e-63,753,1.9837587215150292e-08
ALL,30,Abs (200k),0.7,0.3113210750177912,1.2012552174296076e-06,1.113974449171947e-65,788,6.372768606558003e-08
L10,15,IQR (1.5x),0.7,0.31113160893375275,6.701284969822614e-06,5.801303862116846e-124,1507,2.570312320138152e-07
L3,45,MAD (3),1.0,0.3109366250335228,1.108267038750113e-06,4.264052988707463e-46,548,7.060602122525456e-08
L3,15,IQR (1.5x),0.7,0.31065670596659206,2.857363923134907e-05,1.4155644300431492e-123,1505,1.0979017513569213e-06
L3,60,Pctl (1%-99%),1.0,0.3103422633114066,7.862618073442389e-07,4.807823180189888e-38,450,5.5376374378728156e-08
L10,1,Pctl (1%-99%),0.7,0.31025759516729495,4.331330687484481e-06,0.0,22154,4.339074666857966e-08
L2,5,Winsorized,1.0,0.31006938701821946,1.5851926004446151e-06,0.0,5431,3.209189613820713e-08
ALL,10,IQR (1.5x),0.5,0.3099628240258108,9.125485534009685e-06,8.622528894004633e-193,2367,2.799766730225808e-07
L10,10,IQR (1.5x),0.3,0.3097796419644634,0.0003417710872815165,1.1466051910343096e-167,2057,1.1253739359409165e-05
L50pct,10,MAD (3),0.7,0.30967388319432343,2.599058391022073e-06,2.1419555663483412e-178,2191,8.29407613929059e-08
L3,10,Abs (200k),1.0,0.3092443987179991,1.1817392227454403e-06,6.644057910885134e-209,2574,3.482550756434024e-08
L2,15,IQR (1.5x),0.7,0.3092416833633712,4.4142024825783355e-05,2.1198944020388072e-125,1536,1.684432521349393e-06
L3,90,Raw,1.0,0.3087839497563541,5.202311781684062e-07,1.9535240556385476e-26,309,4.4422882624652774e-08
L20,1,Pctl (1%-99%),0.7,0.3086830882918484,1.8857701570668335e-06,0.0,22154,1.8961140640054486e-08
L3,15,Raw,1.0,0.3086644647505885,6.061349724875556e-07,3.980034508992446e-149,1835,2.118796433975647e-08
L3,30,MAD (3),1.0,0.3082513232052872,1.294741099152511e-06,1.464584805041661e-65,796,6.883263205831212e-08
L5,30,MAD (3),1.0,0.3077943294700554,7.537889194781485e-07,1.744918883612745e-64,784,4.04234747050418e-08
L3,1,Z-Score (3),0.5,0.3074041699805541,0.00014510986750155058,0.0,21998,1.4686224036477156e-06
L2,10,Abs (200k),1.0,0.30685264267657414,1.5731753088299773e-06,1.2772845107382519e-214,2670,4.577539081293757e-08
L10,45,MAD (3),1.0,0.3068288653971536,2.94571833102447e-07,1.1406882211983197e-44,539,1.910628281996392e-08
L50pct,1,Pctl (1%-99%),0.7,0.3068272339076425,1.5256882142494811e-06,0.0,22154,1.5407533239016834e-08
ALL,5,Pctl (5%-95%),0.3,0.30672298346865995,6.104862457285206e-05,0.0,4887,1.3131787342842153e-06
L50pct,1,Z-Score (3),0.5,0.3065168061334227,1.1889734774628265e-05,0.0,22067,1.2039571369333046e-07
L5,1,Z-Score (3),0.5,0.3063037070204452,7.647276136973563e-05,0.0,21995,7.760203243665622e-07
L2,45,Raw,1.0,0.3060817514898371,7.724744042381693e-07,1.332060834019945e-50,615,4.697743455645715e-08
L10,45,Pctl (5%-95%),1.0,0.3054202446780598,2.639888853570653e-07,1.518429160555546e-45,553,1.6959849457195952e-08
L3,60,Abs (200k),1.0,0.305099300972198,1.299472179133152e-06,1.4771507378880156e-26,315,1.1084997134090586e-07
L10,15,MAD (3),1.0,0.3047786891263666,3.438034556638272e-07,7.0331461876128165e-121,1506,1.3389228682031941e-08
L10,10,MAD (3),0.3,0.3043784545853304,0.0003268724214056668,1.7858640966100793e-163,2048,1.092458691263123e-05
L2,30,Abs (200k),1.0,0.3040820610321201,1.7386177486459604e-06,3.1074110854914826e-68,843,9.069633267210615e-08
ALL,1,Abs (200k),0.7,0.3032549918582373,6.841498814543827e-07,0.0,22539,6.907742776689806e-09
ALL,10,Pctl (5%-95%),0.7,0.30319721783716475,1.100241479004348e-06,6.074519264536823e-196,2471,3.356756209024319e-08
L2,60,Z-Score (3),1.0,0.30247605087853185,1.2087573577329537e-06,5.152995091967911e-37,451,8.662635179068542e-08
L2,90,MAD (3),1.0,0.3021698948775868,1.4714804682468454e-06,1.9769349746185744e-23,279,1.3435810543577752e-07
L3,30,IQR (1.5x),1.0,0.302049274367281,1.2747956481873893e-06,1.8094949317575987e-63,789,6.907592181180185e-08
L5,45,IQR (1.5x),1.0,0.3017184789036688,6.779662812231481e-07,2.5513200666709232e-42,520,4.5316622577070676e-08
L5,30,Raw,1.0,0.3016478540355496,3.3700363950382015e-07,1.2874989631271127e-73,920,1.692389672635132e-08
L2,60,IQR (1.5x),1.0,0.3008372072512475,1.6094962707416833e-06,1.2236504974778153e-32,398,1.2330076236421796e-07
L50pct,1,Z-Score (3),0.7,0.30042158388620044,1.5554018094311553e-06,0.0,22045,1.598673899967066e-08
L10,1,Z-Score (3),0.7,0.3001408694655877,4.385194777833126e-06,0.0,22056,4.509080112246957e-08
L2,15,Abs (200k),1.0,0.299945528085317,1.5855720485663135e-06,2.5772462135322833e-138,1760,5.77725140989116e-08
L5,10,Raw,1.0,0.29993699835399973,3.519207936155416e-07,7.842440291443646e-215,2747,1.0261888614426963e-08
L2,45,Abs (200k),1.0,0.29941255253030435,1.6906627691427144e-06,1.0056494068089791e-42,530,1.1254759049313363e-07
L10,15,IQR (1.5x),1.0,0.29925889572748604,3.5522822750081126e-07,4.887487193847904e-114,1451,1.428001087460686e-08
L10,45,IQR (1.5x),1.0,0.2984490086744887,3.1128689884812017e-07,2.4708912247595955e-42,527,2.082935117913848e-08
L3,5,Pctl (1%-99%),1.0,0.29842402451563455,1.0015582911704949e-06,0.0,5321,2.1056282482125294e-08
L3,10,MAD (3),0.3,0.2981898703229496,0.001194009240952638,9.148229693403532e-159,2038,4.0595900023009564e-05
L3,20,Abs (200k),1.0,0.29655334015632145,1.082559399861364e-06,1.8835731930088876e-94,1211,4.79515622395297e-08
L5,1,Winsorized,1.0,0.2962985948014072,4.3374313132302395e-07,0.0,22608,4.445802462080701e-09
ALL,30,Pctl (5%-95%),1.0,0.2961301671188001,4.09730040613622e-08,5.256308154514238e-65,828,2.1979238079643395e-09
L2,10,MAD (3),0.7,0.296049375491085,4.563075193177739e-05,2.908844272396117e-177,2298,1.468455222585148e-06
L5,1,Pctl (1%-99%),0.7,0.29590641238726173,1.0188951145187357e-05,0.0,22154,1.055992940200624e-07
L20,1,Z-Score (3),0.7,0.2956162027987343,1.8840575653870055e-06,0.0,22045,1.9588418742189145e-08
L20,10,MAD (3),0.5,0.2953977552570949,2.294617818554736e-05,9.419177702844237e-167,2166,7.618161046716102e-07
ALL,45,Pctl (5%-95%),1.0,0.2952959473300076,4.3726678021395114e-08,8.318574375952404e-44,553,2.8776987383045406e-09
L3,15,Abs (200k),1.0,0.29504621539225506,1.1950548942665698e-06,3.3852442041643256e-128,1662,4.533870485557071e-08
ALL,1,Pctl (1%-99%),0.3,0.2947560693709258,4.310237581054239e-05,0.0,22154,4.4795360728901563e-07
L2,1,Pctl (1%-99%),0.5,0.2946595116602005,0.00023585607909218617,0.0,22154,2.451770288670025e-06
L3,20,MAD (3),1.0,0.2936144199922495,1.124407242079921e-06,4.548615054019508e-92,1194,5.051469423608258e-08
L2,30,Pctl (5%-95%),1.0,0.29331661305079304,1.8000346406182722e-06,2.7432905147761102e-64,828,9.721537358028682e-08
L3,15,Pctl (5%-95%),1.0,0.29285120815539095,1.216652517983181e-06,3.0266706699257494e-126,1651,4.65573361250655e-08
ALL,60,MAD (3),1.0,0.2927498773503431,4.003864599794918e-08,5.236728645422265e-33,416,3.058562550226063e-09
L2,5,Pctl (5%-95%),0.7,0.2926380692000732,4.44013388932151e-05,0.0,4887,9.876867150493935e-07
ALL,20,MAD (3),1.0,0.29123266965172195,3.75582771075445e-08,4.3129484512524965e-95,1246,1.661220461027845e-09
L3,10,IQR (1.5x),0.3,0.2911369836375641,0.0012218765983468339,3.037376584031347e-152,2010,4.2547883662369824e-05
L2,1,Winsorized,0.7,0.2907955078249073,3.17267073798486e-05,0.0,22608,3.2953764493894894e-07
ALL,5,Pctl (5%-95%),0.5,0.2907139308671329,8.500369499799428e-06,0.0,4887,1.8996925240315913e-07
ALL,10,MAD (3),0.7,0.2905092069726803,1.0767223641090062e-06,4.2779881732865814e-184,2442,3.406451830568369e-08
L50pct,1,Pctl (1%-99%),1.0,0.28991175271613584,6.151378021652194e-08,0.0,22154,6.468285739344501e-10
L2,30,MAD (3),1.0,0.28981729633007053,1.8617969047811568e-06,1.3084227222948989e-61,804,1.0291247311576366e-07
L5,1,Z-Score (3),0.7,0.28954502287212397,1.0305949944823773e-05,0.0,22067,1.0867916460488395e-07
L2,45,MAD (3),1.0,0.28932836926940114,1.6391234131557541e-06,2.852827548446898e-42,546,1.1014154999462856e-07
ALL,60,IQR (1.5x),1.0,0.2892100617225203,4.000803776332863e-08,4.1532771701828084e-32,410,3.1051394335982113e-09
L3,10,Raw,1.0,0.28893653193279323,6.080328594980585e-07,1.5706274670856847e-205,2747,1.8205760754593546e-08
ALL,45,Abs (200k),0.7,0.28890093004675654,1.3742830761025367e-06,4.1826407030731924e-38,491,9.750173730094758e-08
L3,45,Abs (200k),1.0,0.28820723124849446,1.3682778088838717e-06,5.381767001902751e-36,464,1.0004091261725082e-07
L3,10,MAD (3),0.5,0.2875990851253571,0.00019380980809914503,1.1734032064113051e-159,2140,6.5969073586924055e-06
ALL,1,Z-Score (3),0.3,0.2873679296605609,4.317464357144032e-05,0.0,22077,4.5760623866985763e-07
ALL,5,Z-Score (3),1.0,0.28707720147071397,3.095237315044437e-08,0.0,5320,6.688699508293621e-10
L3,1,Pctl (1%-99%),0.7,0.2870608944109831,1.9724933543178805e-05,0.0,22154,2.0885663613716092e-07
ALL,30,MAD (3),1.0,0.286934488108558,4.07453594220509e-08,1.3467449233549379e-62,827,2.236271449001859e-09
L10,5,Pctl (5%-95%),1.0,0.28690597295956793,3.066001155756549e-07,0.0,4887,6.915819259256783e-09
ALL,20,Pctl (5%-95%),1.0,0.2865373834629363,3.762323501599373e-08,1.0228183937606379e-92,1238,1.688658637479046e-09
L2,45,IQR (1.5x),1.0,0.28607058929679235,1.6190179874379228e-06,2.321789756602393e-41,541,1.1016618812063254e-07
L2,15,Pctl (5%-95%),1.0,0.2856683203390349,1.9385077974078446e-06,1.2739550770692553e-122,1651,7.548769061553599e-08
L50pct,1,Z-Score (3),1.0,0.2853292363554254,6.266668395885659e-08,0.0,22080,6.674776386085316e-10
L5,15,IQR (1.5x),1.0,0.28527600209253673,8.186284429683804e-07,1.5325005563871357e-108,1461,3.3923116704224254e-08
L3,5,Abs (200k),1.0,0.28527182829511344,1.0579710081123269e-06,0.0,5257,2.3100874148424547e-08
L50pct,10,IQR (1.5x),0.5,0.28517947828537876,1.8613361653888958e-05,4.6501707516198694e-157,2126,6.394210516749095e-07
ALL,5,Pctl (1%-99%),1.0,0.28498894244318723,3.0774538731544605e-08,0.0,5321,6.683730518198579e-10
L2,60,Pctl (1%-99%),1.0,0.2848172564648995,1.1667969845010774e-06,1.7210716280415642e-34,450,8.735377044578893e-08
L3,15,MAD (3),1.0,0.28475468693398337,1.3971459165997718e-06,7.500688791078577e-114,1537,5.651707089620858e-08
L3,1,Z-Score (3),0.7,0.2846602114694483,1.9928560383251107e-05,0.0,22105,2.1249226325522685e-07
ALL,45,MAD (3),1.0,0.2841751263393842,4.29581653364346e-08,7.49332259860747e-42,552,2.9071988769736448e-09
L20,1,Pctl (1%-99%),1.0,0.2832367198183078,7.575787495526759e-08,0.0,22154,8.097191465731834e-10
ALL,60,Abs (200k),0.7,0.2830781686047681,1.0980901041798522e-06,3.039241538827711e-26,340,9.505223690833167e-08
L2,20,Raw,1.0,0.2826420227346168,8.384768804727492e-07,3.140778472551049e-101,1376,3.603689179005428e-08
L3,10,Pctl (5%-95%),1.0,0.28258405522729446,1.254406434487268e-06,2.685015032487206e-180,2471,4.022438510126617e-08
L5,10,IQR (1.5x),0.3,0.28185469173256317,0.0006729332142458243,1.425940066140741e-147,2024,2.3887732021957326e-05
L2,1,Z-Score (3),0.5,0.28178576494264074,0.00023437084694349623,0.0,22049,2.5199754957653148e-06
L3,30,Raw,1.0,0.2808931200604282,5.541502290293067e-07,9.185871723138955e-68,920,2.9263909651822072e-08
L5,30,IQR (1.5x),1.0,0.2808335813314425,7.396219694474524e-07,5.700993551039579e-57,770,4.270899711900863e-08
L5,90,Abs (200k),1.0,0.28069745920976347,1.001969161074487e-06,5.4709368945188934e-11,133,1.401377897283969e-07
L20,10,MAD (3),0.7,0.2801444560283673,3.1198317167215874e-06,6.840648179566178e-157,2169,1.0743192902490229e-07
ALL,1,Pctl (1%-99%),0.5,0.2800015282231555,5.900410348492213e-06,0.0,22154,6.357133491308507e-08
L20,1,Z-Score (3),1.0,0.27990435002429337,7.849608414154573e-08,0.0,22049,8.479368525546608e-10
L5,5,Pctl (5%-95%),1.0,0.27794510839332104,7.445219734820825e-07,0.0,4887,1.716923027498297e-08
L5,5,Raw,1.0,0.27751772039961964,3.122269043840054e-07,0.0,5431,6.837205643720465e-09
L10,1,Z-Score (3),1.0,0.2773121002911381,1.8382873601084156e-07,0.0,22168,1.9932451596888865e-09
L5,10,Abs (200k),1.0,0.2761382093565691,8.173339233214359e-07,6.171312620839862e-162,2278,2.7738180506936733e-08
L3,10,IQR (1.5x),0.5,0.27567096778395267,0.0001950672541274811,1.2648939532779465e-149,2107,6.891769622822053e-06
L10,1,Raw,1.0,0.2756572760284468,1.1271268538553041e-07,0.0,22608,1.2152013861046097e-09
L2,20,MAD (3),1.0,0.2753536018366481,1.768892249898759e-06,5.872499422055404e-85,1187,8.33604196070353e-08
L10,1,Pctl (1%-99%),1.0,0.2751499655496003,1.8371947048834273e-07,0.0,22154,2.0034940833319514e-09
L5,10,IQR (1.5x),0.5,0.2750548587945445,0.00011017599205546129,2.3290401610679896e-143,2023,3.978750664165629e-06
L5,15,Abs (200k),1.0,0.2745754310971995,8.289700416304062e-07,7.205742564996282e-102,1433,3.561921237513518e-08
ALL,90,Abs (200k),0.7,0.2745531281167736,1.286701806879808e-06,6.362795969950743e-16,206,1.464375435841398e-07
L2,5,Abs (200k),1.0,0.274548049434844,1.467549282662394e-06,0.0,5368,3.256585654203143e-08
L2,5,Z-Score (3),1.0,0.27428127941484526,1.4451156216348103e-06,0.0,5375,3.206861880694174e-08
L5,5,Abs (200k),1.0,0.2739691243476058,7.443023250759478e-07,0.0,4878,1.7351789139326095e-08
L5,20,Abs (200k),1.0,0.27367427268765554,8.429436263390432e-07,1.3595952786529542e-72,1018,4.308245120289449e-08
L2,30,IQR (1.5x),1.0,0.2722145434933321,2.007209474811417e-06,2.1567273328943e-55,776,1.1796909349503351e-07
L2,45,Abs (100k),1.0,0.27144467037453185,2.265333382185264e-06,6.02280435451139e-31,425,1.8044819882273134e-07
L5,10,MAD (3),0.5,0.26993088750554134,0.00011580679912731248,3.393281950022361e-140,2022,4.237542523736447e-06
L3,20,IQR (1.5x),1.0,0.26986279545868314,1.1425325944363922e-06,9.451820823774707e-81,1154,5.536981736038681e-08
L2,90,Raw,1.0,0.26915140992853714,6.472513751374479e-07,1.0884043601226461e-22,309,6.087222427785245e-08
L2,15,MAD (3),1.0,0.2682575843061217,2.189206204096196e-06,1.8425331951443632e-107,1555,9.174957317738717e-08
ALL,5,Pctl (5%-95%),0.7,0.2681920387155649,1.0355749723509697e-06,0.0,4887,2.4475123165482175e-08
L2,10,IQR (1.5x),0.7,0.2679749296647777,4.542091063536772e-05,5.381937831358221e-153,2228,1.5911427773331084e-06
ALL,15,Pctl (5%-95%),1.0,0.2677388205001276,3.840131248479947e-08,9.904160150762651e-114,1651,1.5639147391118066e-09
L20,10,IQR (1.5x),0.5,0.2670164238624912,2.2840383040580765e-05,1.443686292771262e-142,2083,8.29555557201342e-07
L5,10,MAD (3),0.7,0.2669301183408193,1.7179999927621883e-05,9.935515871386835e-144,2101,6.214280281577285e-07
L5,1,Z-Score (3),1.0,0.26682825557928935,4.383755013292106e-07,0.0,22271,4.869483169793009e-09
L2,20,IQR (1.5x),1.0,0.26652461540711175,1.8572444903247694e-06,5.179988057165713e-80,1160,9.053967016743121e-08
L2,15,Abs (100k),1.0,0.26504105425869184,2.079804426793669e-06,2.523024972333304e-108,1590,8.691049314977826e-08
L3,1,Winsorized,1.0,0.2647056377097763,8.023951304547373e-07,0.0,22608,8.894579993691806e-09
ALL,20,IQR (1.5x),1.0,0.2645846018695455,3.713931307394711e-08,3.1550721568504323e-83,1218,1.7756246108294419e-09
ALL,1,Raw,1.0,0.2635816288866878,2.0131122347213548e-08,0.0,22608,2.2380040337160985e-10
L2,5,Pctl (1%-99%),1.0,0.26351271921826097,1.570791323191424e-06,0.0,5321,3.600686684370092e-08
L2,15,Raw,1.0,0.26350164749205396,8.074559070433325e-07,6.6402588017153345e-124,1835,3.1530568843737626e-08
ALL,1,Z-Score (3),0.5,0.2633745215764279,5.799322174618722e-06,0.0,22032,6.534411430851293e-08
L3,10,MAD (3),0.7,0.26297563416514724,2.8658258637762956e-05,3.5196077578153905e-147,2190,1.0256739047834523e-06
L2,10,Pctl (5%-95%),1.0,0.2627100646371724,2.0218371376539634e-06,1.244209183332142e-165,2471,6.81657820510373e-08
ALL,30,IQR (1.5x),1.0,0.26247657530801705,4.070581253430856e-08,5.209195948011913e-55,804,2.409416487620086e-09
L10,10,IQR (1.5x),0.5,0.2622858287550013,4.8856210576055305e-05,5.3013988443531e-138,2058,1.8070279648883843e-06
L2,10,Abs (100k),1.0,0.26163416114803073,2.014512256694201e-06,2.23853544182586e-165,2479,6.799789746388303e-08
ALL,15,MAD (3),1.0,0.26156315170948846,3.9887279406619144e-08,1.1307070487882746e-108,1620,1.6661479222429913e-09
ALL,45,IQR (1.5x),1.0,0.26094866980064085,4.280488771683813e-08,4.982849976385938e-37,537,3.114413182624629e-09
ALL,10,IQR (1.5x),0.7,0.25948354441073374,1.0836374215367663e-06,6.922389175255115e-157,2373,3.759504970485528e-08
L3,90,Abs (100k),1.0,0.25837506787627107,2.169079497595132e-06,5.711567111966907e-09,116,3.4418338589505283e-07
L2,60,Raw,1.0,0.2578395322331567,8.132495305594709e-07,1.6103459821511225e-31,460,6.447112352070652e-08
L2,20,Abs (100k),1.0,0.2576045813921573,1.9064202019931834e-06,1.3290888275940662e-75,1139,9.597966935567776e-08
L3,10,Abs (100k),1.0,0.2574232808237194,1.575335503816848e-06,1.9865274169981544e-147,2249,5.64440644261227e-08
L5,1,Pctl (1%-99%),1.0,0.25606692380275065,4.5310707892121366e-07,0.0,22154,5.189010720790215e-09
L5,10,IQR (1.5x),0.7,0.25606098299307484,1.7601810069121028e-05,4.0705055685770242e-134,2056,6.619940330713491e-07
L5,10,MAD (3),1.0,0.2553053888515808,8.882571191268401e-07,3.542003485346913e-139,2142,3.279373817537177e-08
L3,5,Abs (100k),1.0,0.2545375646643112,1.4624407479912224e-06,0.0,4851,3.59409147893763e-08
L50pct,10,MAD (3),1.0,0.25437811944388145,1.1142804796569704e-07,3.4061817685294204e-140,2167,4.100010962960535e-09
L3,5,Pctl (5%-95%),1.0,0.2542115188859025,1.4116067975522845e-06,0.0,4887,3.459327504663828e-08
L50pct,10,IQR (1.5x),0.7,0.2539670088086441,2.560982427920857e-06,5.527748068081023e-136,2105,9.571441007134951e-08
ALL,15,IQR (1.5x),1.0,0.2525769974920008,4.099598388810757e-08,6.044967457087134e-102,1581,1.7747475297925223e-09
L3,15,IQR (1.5x),1.0,0.25148290335129814,1.4124693867073968e-06,6.920175655850844e-95,1477,6.344971315994687e-08
ALL,1,Pctl (1%-99%),0.7,0.2514785076341882,6.819722518304656e-07,0.0,22154,7.90518309426961e-09
L2,5,Abs (100k),1.0,0.2485268590566474,1.8335023514657759e-06,0.0,5173,4.433679217867034e-08
L3,10,MAD (3),1.0,0.24815561406906425,1.5508375472181548e-06,1.6840963283579512e-140,2235,5.712469230369679e-08
L10,10,IQR (1.5x),0.7,0.2475000774394635,7.295164475339511e-06,3.344843114111261e-128,2043,2.8156530922368523e-07
L3,30,Abs (200k),1.0,0.2472997115231987,1.1839352813726962e-06,5.585993901487285e-48,748,7.562367620593698e-08
L2,1,Abs (100k),0.7,0.24651454358600683,2.1094841924108153e-05,0.0,22608,2.452904147398616e-07
L2,1,Raw,0.7,0.24651454358600683,2.1094841924108153e-05,0.0,22608,2.452904147398616e-07
L2,1,Abs (200k),0.7,0.24651454358600683,2.1094841924108153e-05,0.0,22608,2.452904147398616e-07
ALL,1,Winsorized,1.0,0.24588015151271905,2.1966368441553466e-08,0.0,22608,2.5586144712249045e-10
L3,10,IQR (1.5x),0.7,0.24550390909077743,2.9331794233474464e-05,4.957795612628827e-133,2141,1.1118149989272462e-06
L2,1,Z-Score (3),0.7,0.2450401333559375,3.1194413002959184e-05,0.0,22189,3.6759606069109803e-07
L2,15,IQR (1.5x),1.0,0.24363456314718177,2.1716362735068394e-06,3.262461583389287e-94,1521,9.817583146173301e-08
L10,10,MAD (3),0.5,0.24249039054614618,4.9147013854619684e-05,2.948221046722352e-125,2043,1.9227483169564363e-06
L20,10,MAD (3),1.0,0.24183478218091145,1.3822122290534046e-07,1.2846068933508269e-131,2155,5.274426714693688e-09
L5,1,Abs (200k),1.0,0.24157083654114933,4.844625630738763e-07,0.0,21892,5.801931569921482e-09
L2,1,Pctl (1%-99%),0.7,0.24130354726444245,3.136053363034138e-05,0.0,22154,3.7361916567575475e-07
ALL,1,Z-Score (3),0.7,0.24118810109734926,6.759032598618579e-07,0.0,22071,8.070163634543505e-09
L3,5,Raw,1.0,0.24005305315746883,5.269829645397277e-07,0.0,5431,1.272549473775286e-08
ALL,10,Pctl (5%-95%),1.0,0.2383785538977371,3.622912812285594e-08,3.33765108828954e-148,2471,1.3032667925678182e-09
L3,1,Z-Score (3),1.0,0.23586580129719917,7.696069141275975e-07,0.0,22376,9.260820665813443e-09
L2,10,Raw,1.0,0.2331450980371033,8.170303001810523e-07,1.8499588141785414e-160,2747,2.828202118592278e-08
L5,10,IQR (1.5x),1.0,0.23286285085774655,8.771864207255127e-07,4.503540150631406e-122,2085,3.4884593536274866e-08
L3,1,Abs (200k),1.0,0.23273663315859405,7.258595314489541e-07,0.0,22448,8.796764441573004e-09
L2,90,Abs (100k),1.0,0.2325928868644223,2.3472349160942275e-06,1.3955773878021095e-10,158,3.4135711024425135e-07
L3,1,Pctl (1%-99%),1.0,0.23127388277746094,8.601648674886856e-07,0.0,22154,1.0536533474655847e-08
L5,1,Raw,1.0,0.22942465394304196,2.3545761643888422e-07,0.0,22608,2.8700429370601406e-09
L10,10,MAD (3),0.7,0.22919419583093714,6.830770480478409e-06,3.414301892055606e-117,2037,2.776886739714347e-07
L2,10,MAD (3),1.0,0.22809135963892058,2.221928889314638e-06,5.2691341460182494e-133,2329,8.473454428872486e-08
L2,30,Abs (100k),1.0,0.22652718690648663,2.178554200674045e-06,2.623358598866878e-41,708,1.515054931871058e-07
L3,10,IQR (1.5x),1.0,0.22529563760438132,1.5217765947983292e-06,5.879993218894096e-123,2181,6.045244834551947e-08
ALL,5,Abs (100k),0.7,0.22496058300853009,1.0290792769041266e-06,1.7580065253198442e-262,4703,2.7858798867128496e-08
ALL,15,Abs (100k),0.7,0.22440093147370427,1.2837545357835061e-06,1.0071588410517461e-77,1373,6.445692386168486e-08
L3,15,Abs (100k),1.0,0.222546634411432,1.519118206453303e-06,1.7206418605073662e-78,1400,7.593895939120624e-08
L2,30,Raw,1.0,0.22207932227638366,6.868195078239314e-07,4.839695635601816e-52,920,4.2426272535224985e-08
ALL,60,Abs (100k),0.7,0.21974566265811565,1.5810328753173059e-06,3.473818512503976e-14,234,1.955936936075858e-07
L20,10,IQR (1.5x),0.7,0.21847101586846543,3.0555327180927036e-06,7.905125113802427e-112,2051,1.276708029360674e-07
L2,5,MAD (3),0.5,0.21827709737404064,0.00029896811848869687,1.2007164531484945e-224,4160,8.774148264392979e-06
L3,1,Abs (100k),1.0,0.21748189544464755,9.48163118016115e-07,0.0,21857,1.2165873461347412e-08
L2,1,Winsorized,1.0,0.21718230082842055,1.2776094414873915e-06,0.0,22608,1.613259956916087e-08
L50pct,10,IQR (1.5x),1.0,0.21637332898568246,1.1258790994144896e-07,1.1932591929021815e-112,2089,4.690112645087643e-09
ALL,10,MAD (3),1.0,0.2163508023880133,3.799591892639943e-08,1.203612394467214e-127,2372,1.4854032535567088e-09
L2,10,IQR (1.5x),1.0,0.20648781123740362,2.250045064145582e-06,5.75855368176589e-116,2268,9.265969241020844e-08
ALL,10,IQR (1.5x),1.0,0.20567575496449053,3.976458171861228e-08,1.623820726570501e-117,2309,1.6269716315729704e-09
ALL,1,Abs (100k),0.7,0.20451467826966874,6.661595209010878e-07,0.0,21693,8.920563637018183e-09
ALL,5,Pctl (5%-95%),1.0,0.20402844436218476,3.3801370115480354e-08,2.2108331908523022e-244,4887,9.552244616850578e-10
L10,10,IQR (1.5x),1.0,0.20360740098437216,3.446703658278971e-07,1.8942902002697404e-101,2011,1.5208304673443478e-08
ALL,30,Abs (100k),0.7,0.20268558995084723,1.4846312985324597e-06,3.495719412006764e-31,598,1.2061431426233235e-07
L5,30,Abs (200k),1.0,0.2013526282627978,8.848098384454618e-07,1.2282324372040623e-32,632,7.020669844188035e-08
L2,5,MAD (3),0.7,0.20130612120576732,4.693952676112623e-05,3.7167714669458113e-215,4363,1.4158177443292744e-06
L20,10,IQR (1.5x),1.0,0.2006599893818802,1.364120435156352e-07,7.417518437798269e-103,2073,5.982711338642182e-09
ALL,10,Abs (100k),0.7,0.20021153872542302,1.029772129499157e-06,2.4351131158976758e-108,2191,4.399074005755245e-08
L5,10,MAD (3),0.3,0.19784823620829398,0.0006372344898036664,6.940484024934338e-94,1919,2.9305585125798892e-05
L3,20,Abs (100k),1.0,0.1975938869390451,1.3750014326062377e-06,1.761518138248089e-48,975,8.882947444061336e-08
L2,1,Z-Score (3),1.0,0.1967780950518543,1.150064544130152e-06,0.0,22458,1.5505486980541286e-08
L10,10,MAD (3),1.0,0.1953138441602434,3.537894882000508e-07,2.1530413383412265e-97,2021,1.5981719957455656e-08
L2,5,Pctl (5%-95%),1.0,0.1950834780357901,2.065637657569734e-06,1.6159981560430997e-232,4887,6.003258361607699e-08
L2,1,Abs (200k),1.0,0.19068650331545695,1.015841608444716e-06,0.0,22547,1.393796249542116e-08
ALL,5,MAD (3),0.3,0.18993965471362853,5.1697651082060725e-05,1.2861771619608036e-200,4338,1.6213509807707721e-06
L5,60,Abs (200k),1.0,0.18907677753026791,8.778203318858094e-07,1.0095110352216314e-12,245,1.1662006298841329e-07
ALL,1,Pctl (1%-99%),1.0,0.1869418912499686,2.012977965334933e-08,0.0,22154,2.820590418846455e-10
L5,5,Abs (100k),1.0,0.1862371417279253,9.183735186326453e-07,1.5309351162780832e-193,4276,2.9364179927286697e-08
L2,1,Abs (100k),1.0,0.18597694848947072,1.222212738425724e-06,0.0,22339,1.7108942891109226e-08
L5,45,Abs (200k),1.0,0.18593533259036202,8.401907578050208e-07,5.2635870589539124e-18,366,9.214583257902693e-08
ALL,5,MAD (3),0.5,0.1841082401110987,7.873977479810099e-06,6.177060567175281e-196,4385,2.503733459424675e-07
L2,1,Pctl (1%-99%),1.0,0.18320231199281026,1.352993943531618e-06,0.0,22154,1.9194692364226492e-08
ALL,1,Z-Score (3),1.0,0.17996259911225726,2.050792632367052e-08,0.0,22011,2.9508510972372234e-10
L5,10,Abs (100k),1.0,0.17846822054449413,9.749148213410848e-07,1.635545236134346e-82,1886,4.81901148046664e-08
L2,5,IQR (1.5x),0.7,0.17823796136615816,4.7202896744417634e-05,8.65626176243733e-183,4237,1.5574527443881033e-06
L10,20,Abs (200k),1.0,0.17284923067116476,4.4354396909801565e-07,2.0251553425990676e-31,719,3.6235621469588835e-08
ALL,20,Abs (100k),0.7,0.17163851143781614,1.1697245710571835e-06,2.356838965092135e-41,966,8.276518230729749e-08
L2,5,Raw,1.0,0.16839253314407016,6.470923392682275e-07,1.0950843473863152e-219,5431,1.951659781425241e-08
L3,1,Raw,1.0,0.16742170430598222,3.439482550771806e-07,0.0,22608,5.101382783765643e-09
L2,5,IQR (1.5x),0.5,0.1663783286798294,0.00027363223128053807,4.329072088563773e-161,4022,9.660294019391716e-06
ALL,5,IQR (1.5x),0.5,0.16465157017954057,7.172319383066403e-06,3.6732519953902203e-168,4249,2.47895921674393e-07
ALL,5,IQR (1.5x),0.3,0.16170255008819973,5.031621442464816e-05,5.487788533210245e-164,4225,1.7629421304787625e-06
L5,15,Abs (100k),1.0,0.16165859749046624,9.741771499827282e-07,2.4322415161136534e-46,1161,6.51639309461368e-08
L3,45,Abs (100k),1.0,0.15946743980184622,1.4551859062594358e-06,4.2095596287953046e-14,331,1.8418819451194525e-07
L5,1,Pctl (5%-95%),0.3,0.15918163962727896,0.0004324435035624282,0.0,20346,6.968123030194122e-06
L3,1,Pctl (5%-95%),0.3,0.15896558191399968,0.0008101968174550647,0.0,20346,1.3065549863640996e-05
ALL,60,Abs (200k),1.0,0.15799948547977705,4.884709705433856e-07,0.005662816984921239,47,1.6809734119782832e-07
L5,1,Abs (100k),1.0,0.15794700922244329,5.929961289369765e-07,0.0,20545,9.552871440388865e-09
L3,5,MAD (3),0.7,0.15536015289266233,3.0944980054757605e-05,8.34053527032599e-149,4000,1.1411290862833785e-06
ALL,5,MAD (3),0.7,0.15532505530171706,1.0632576931540744e-06,3.784725178211562e-160,4310,3.777676234245535e-08
L2,60,Abs (100k),1.0,0.1551562265623229,1.7265216297350282e-06,7.25484377413647e-12,281,2.411978994319718e-07
L5,1,Pctl (5%-95%),0.7,0.15411036571751152,1.159171202112137e-05,0.0,20346,1.9040148690578982e-07
L2,5,MAD (3),1.0,0.15389741355647543,2.281072848717269e-06,3.235908526965812e-165,4493,7.98111334368357e-08
L5,1,Pctl (5%-95%),0.5,0.15332618943372048,7.473764482944819e-05,0.0,20346,1.2313205464214357e-06
L2,1,Pctl (5%-95%),0.3,0.15232355096366687,0.0013152535361998106,0.0,20346,2.1753184106941166e-05
L10,1,Pctl (5%-95%),0.7,0.15219457124594085,4.5349326965454956e-06,0.0,20346,7.50414450065364e-08
L10,1,Pctl (5%-95%),0.5,0.15191647166798514,3.033047974348103e-05,0.0,20346,5.024328049404434e-07
L10,1,Pctl (5%-95%),0.3,0.15183135765820685,0.00019556546306804252,0.0,20346,3.2406666173019046e-06
L3,30,Abs (100k),1.0,0.15117452745417756,1.4394047922999527e-06,6.02824744099338e-23,596,1.3994571774809644e-07
L3,1,Pctl (5%-95%),0.5,0.1508456663090695,0.00014125294852859692,0.0,20346,2.349666607140945e-06
L10,1,Pctl (5%-95%),1.0,0.14996860376227875,2.3112746837926488e-07,0.0,20346,3.8578976187922665e-09
ALL,1,Pctl (5%-95%),1.0,0.14867547817983387,2.892755749137205e-08,0.0,20346,4.853125156089514e-10
L5,20,Abs (100k),1.0,0.14644709678138482,1.0200608833084651e-06,1.4242492612000968e-28,779,8.834671852894161e-08
L3,5,MAD (3),1.0,0.1461882078331624,1.562588882991989e-06,7.701201255747059e-147,4216,5.8173121466743625e-08
L50pct,1,Pctl (5%-95%),1.0,0.14610439807091052,6.501055095200919e-08,0.0,20346,1.101885369548569e-09
L5,1,Pctl (5%-95%),1.0,0.14597089560745388,6.098005475329636e-07,0.0,20346,1.0341245198303524e-08
L20,1,Pctl (5%-95%),1.0,0.14578578085856328,8.265269066422113e-08,0.0,20346,1.4026994833177684e-09
L20,1,Pctl (5%-95%),0.3,0.14386015804299068,8.684352954588573e-05,0.0,20346,1.4853246206743646e-06
L3,60,Abs (100k),1.0,0.1432510434344591,1.50302880454293e-06,9.166754007146306e-09,216,2.5126865324688854e-07
L20,1,Pctl (5%-95%),0.7,0.14292382975710627,1.7578115991273598e-06,0.0,20346,3.017946523322809e-08
L3,1,Pctl (5%-95%),0.7,0.14246166507066416,2.1501905420474062e-05,0.0,20346,3.698592949378721e-07
L20,1,Pctl (5%-95%),0.5,0.14194659888138528,1.2715347525129447e-05,0.0,20346,2.191819184424599e-07
L2,5,IQR (1.5x),1.0,0.14088694734108043,2.3279514540749153e-06,1.0239697988202224e-146,4384,8.684153912438348e-08
L50pct,1,Pctl (5%-95%),0.7,0.14028506149097453,1.3811690518508061e-06,0.0,20346,2.3971774739755793e-08
L50pct,1,Pctl (5%-95%),0.3,0.13869320033932503,6.880314361221966e-05,0.0,20346,1.2021023913591898e-06
ALL,5,IQR (1.5x),0.7,0.13740099001151795,1.034685668351423e-06,6.992126099037788e-136,4167,4.017079969365217e-08
L10,15,Abs (200k),1.0,0.13721803133038862,4.236772998822037e-07,2.3001148481825907e-36,1077,3.240230468946099e-08
L5,45,Abs (100k),1.0,0.13689683588261975,9.261150185978645e-07,1.2563770597365654e-09,253,1.4677859140303545e-07
L10,90,Abs (200k),1.0,0.1367651872836213,6.113103447767587e-07,0.0008610370060589594,78,1.7616987244213225e-07
L10,5,Abs (200k),1.0,0.13524246836831294,3.313987130644459e-07,2.485098829277142e-130,4063,1.3149975845615685e-08
L50pct,1,Pctl (5%-95%),0.5,0.13509397062241088,9.93452620207705e-06,0.0,20346,1.7623634002278895e-07
L3,5,IQR (1.5x),1.0,0.13396394280195856,1.5726517849494337e-06,1.5795384118611903e-130,4111,6.237901720520846e-08
ALL,90,Abs (100k),0.7,0.1338506958866331,1.5440283942524756e-06,9.468465807859729e-06,139,3.3556840429098066e-07
L2,1,Pctl (5%-95%),0.5,0.13354299614169807,0.00022601434575573204,0.0,20346,4.036275323124878e-06
L3,5,IQR (1.5x),0.7,0.13004384954905443,2.962396900781763e-05,1.718213830017552e-120,3913,1.2251890583612257e-06
L3,1,Pctl (5%-95%),1.0,0.12677431284690352,1.1502948716029508e-06,0.0,20346,2.1165992050152027e-08
L10,1,Abs (200k),1.0,0.1255464330356099,2.393590575197573e-07,0.0,19934,4.474459841009052e-09
L2,5,MAD (3),0.3,0.12357599134307283,0.001652533043199226,1.5509219713728822e-108,3716,7.221364787428281e-05
ALL,45,Abs (100k),0.7,0.12292657770946554,1.3498242080623977e-06,9.80311251899684e-12,356,1.916331602023279e-07
ALL,5,MAD (3),1.0,0.12220662253864548,4.9795563924447564e-08,1.3843527093446332e-111,3868,2.1463893728534054e-09
L10,30,Abs (200k),1.0,0.12056289368142548,4.955545452582718e-07,6.520363086056495e-14,440,6.395138729380405e-08
L5,5,MAD (3),1.0,0.11890645340071712,8.827117152551222e-07,5.235704213436702e-109,3889,3.854072832979866e-08
L3,5,MAD (3),0.5,0.11789382948091821,0.00019632176971786286,5.590807644051278e-105,3777,8.740270524453434e-06
L2,1,Pctl (5%-95%),0.7,0.11444731255936809,3.366668732566766e-05,0.0,20346,6.565784360463976e-07
ALL,1,Pctl (5%-95%),0.7,0.11340339219793369,5.95424594492342e-07,0.0,20346,1.1672358176909409e-08
ALL,1,Pctl (5%-95%),0.3,0.11289288881232903,3.313335459856903e-05,0.0,20346,6.511813773255039e-07
L5,30,Abs (100k),1.0,0.11019744969830443,1.0298183584582463e-06,1.403604372615862e-13,471,1.3512486078809577e-07
ALL,5,IQR (1.5x),1.0,0.10789657269309624,4.9292946604082576e-08,2.1269395760876778e-95,3764,2.3108894156186724e-09
ALL,45,Abs (100k),1.0,0.10789236327330011,3.575021311032602e-07,0.005500322145982445,70,1.2466296563644255e-07
ALL,1,Pctl (5%-95%),0.5,0.10753752850243596,4.5994806060909255e-06,0.0,20346,9.28978310452487e-08
L10,10,Abs (200k),1.0,0.10749023809550348,3.5225082539024896e-07,7.567894605141475e-46,1779,2.407854723935283e-08
L5,60,Abs (100k),1.0,0.10693217580701121,1.2452133597820357e-06,2.913474909594499e-05,157,2.89045319958789e-07
L2,5,IQR (1.5x),0.3,0.10622061611669537,0.0016285233134136349,2.697206244008828e-91,3659,7.811640679717472e-05
L3,5,IQR (1.5x),0.5,0.0949277313669971,0.00016976510685532472,6.573291592210144e-82,3687,8.63524697445897e-06
L50pct,60,Abs (100k),1.0,0.0944826745285772,6.539035125218968e-07,0.012748620447945674,65,2.550443390550921e-07
L2,1,Pctl (5%-95%),1.0,0.09266021523796909,1.7212013245026995e-06,0.0,20346,3.7761724789483506e-08
L2,1,Raw,1.0,0.09244284506922121,3.4933523675334973e-07,0.0,22608,7.27999152268302e-09
L10,45,Abs (200k),1.0,0.09011746683531037,3.9716262361196095e-07,2.0750131174638997e-06,241,8.163146615590218e-08
L5,5,IQR (1.5x),1.0,0.08796019854166416,7.895006915508998e-07,6.386363851847656e-78,3795,4.127859327241354e-08
L5,5,MAD (3),0.7,0.07687661996233038,1.4203608826541752e-05,2.4974683420820003e-65,3645,8.15458478541142e-07
ALL,45,Abs (200k),1.0,0.06635998713123252,1.738540700108945e-07,0.017996955493240763,84,7.201359922222095e-08
L5,5,IQR (1.5x),0.7,0.06343954832861201,1.375904091981704e-05,7.938815824112792e-53,3573,8.846695992014203e-07
L10,20,Abs (100k),1.0,0.06152232850331376,3.694045226756045e-07,1.4939249097204426e-09,578,6.011551285738657e-08
L50pct,60,Abs (200k),1.0,0.05461007332491935,2.4393815777511973e-07,0.02752039408379958,89,1.0881511335337251e-07
L10,1,Abs (100k),1.0,0.05349564179600906,2.722375386405542e-07,3.417576210655576e-221,18335,8.457331390753e-09
L5,90,Abs (100k),1.0,0.052348276154038295,7.463580713963137e-07,0.03868199842269183,82,3.55038480662683e-07
L10,5,Abs (100k),1.0,0.05223691999838328,3.8314006407589563e-07,5.440544915084762e-43,3524,2.7499449760953867e-08
L3,5,MAD (3),0.3,0.050947206568022464,0.0008936696546289119,1.1056088426132004e-41,3501,6.520637205572065e-05
L20,5,Abs (200k),1.0,0.0501891147875773,1.4166448398366034e-07,3.673128328130617e-39,3331,1.0681146941839572e-08
L3,5,IQR (1.5x),0.3,0.045757563496951,0.0008980592856860934,4.363710680287023e-37,3459,6.975144925940393e-05
L10,5,MAD (3),1.0,0.04574887107676412,3.0473976954806353e-07,2.086221887443734e-37,3491,2.3562414977252278e-08
L50pct,5,MAD (3),1.0,0.04148215747743792,9.283183626978526e-08,1.3436305823890243e-32,3339,7.724818259848732e-09
L5,5,MAD (3),0.5,0.04085127323633439,8.649906388820127e-05,2.5380633198188857e-33,3471,7.11622115341722e-06
L50pct,30,Abs (100k),1.0,0.04001715750901166,1.576910416585405e-07,0.001412321310203701,252,4.884787041721504e-08
L50pct,30,Abs (200k),1.0,0.038633851391581264,1.1507290853755589e-07,0.0005441438269853723,306,3.2922795843382964e-08
L10,30,Abs (100k),1.0,0.0369651893826107,4.3208692839219714e-07,0.0003219362480366249,346,1.1890946686471663e-07
L5,5,IQR (1.5x),0.5,0.03508511177401456,8.928402534780015e-05,2.7336892406381626e-28,3409,8.021780363264364e-06
L20,60,Abs (200k),1.0,0.03479596004678979,2.049883297524517e-07,0.06450007914754503,99,1.0961965311604281e-07
L10,5,IQR (1.5x),1.0,0.03393334599001253,2.938021851379493e-07,1.9437470649457623e-27,3414,2.6837416948982608e-08
L20,1,Abs (200k),1.0,0.03355189513403521,1.0558587224154713e-07,2.50334269763662e-132,17560,4.276603934211549e-09
L20,5,MAD (3),1.0,0.03176954520921838,1.446850985554073e-07,2.3348860294497968e-24,3215,1.4091340596442686e-08
L50pct,5,IQR (1.5x),1.0,0.03092867904642576,8.662886996140425e-08,3.5131911774385904e-24,3278,8.472037849111531e-09
L10,15,Abs (100k),1.0,0.029513123071526426,3.1897513016825365e-07,3.081755584614959e-07,877,6.183580884641775e-08
L20,30,Abs (200k),1.0,0.029376379357501908,1.7857665048428738e-07,0.0018979656342520924,326,5.7026729010077146e-08
L10,10,Abs (100k),1.0,0.02928668365013692,3.201724534191452e-07,4.110090580806968e-11,1468,4.8142359811068286e-08
L10,45,Abs (100k),1.0,0.027360697771427155,2.3082761018960578e-07,0.031110892418363525,170,1.0618066407742705e-07
L20,20,Abs (200k),1.0,0.026875141886783208,1.2518596128320683e-07,0.00014374761152696948,533,3.269017672642396e-08
L10,5,MAD (3),0.3,0.026671932392313153,0.00045625441496311033,1.5411369881904592e-20,3195,4.877642919167867e-05
L20,5,IQR (1.5x),1.0,0.02391134674165968,1.281836625067696e-07,1.9580150131968632e-18,3173,1.4543775721887817e-08
L20,5,IQR (1.5x),0.7,0.023909529399258615,2.8506855395026546e-06,3.536578076628125e-18,3125,3.2592887901094707e-07
ALL,10,Abs (200k),1.0,0.023881268684826203,1.45296439957997e-07,2.2200834353896376e-06,929,3.050968559942167e-08
ALL,60,Abs (100k),1.0,0.02223337401535662,1.2710989157491843e-07,0.37842581795466707,37,1.424820791510328e-07
ALL,15,Abs (100k),1.0,0.021699172329219623,-2.1210948447028396e-07,0.0013146203618838862,473,6.562423607809209e-08
L2,1,MAD (3),1.0,0.019536912148391723,1.6217530751734914e-06,3.730604769770085e-73,16591,8.919947305652121e-08
L20,5,MAD (3),0.7,0.019326090951042395,2.3865447277201217e-06,4.6466463421057756e-15,3149,3.030480596591358e-07
L20,30,Abs (100k),1.0,0.01925979748248352,2.1487948814070167e-07,0.020860446079972107,277,9.246550479233462e-08
L20,90,Abs (100k),1.0,0.01837708628481489,3.0461122118473673e-07,0.44461181312616893,34,3.935545384735337e-07
L20,15,Abs (200k),1.0,0.017504029302060096,9.651732801054599e-08,0.00013705254038354694,826,2.519057365801365e-08
L10,5,IQR (1.5x),0.3,0.016923843490669922,0.00034923704142543526,1.7937158285357577e-13,3179,4.7223239284194305e-05
L2,1,IQR (1.5x),1.0,0.016136220083419445,1.5699704651836845e-06,1.8923752887725803e-59,16255,9.615930078810259e-08
L50pct,5,Abs (200k),1.0,0.015623183891191307,6.76818151093142e-08,1.3179876892875575e-12,3197,9.504570185117249e-09
L50pct,5,IQR (1.5x),0.7,0.014502174549234415,1.578939336809657e-06,1.0525321004906582e-11,3167,2.3136084330729105e-07
L20,90,Abs (200k),1.0,0.013469502233594695,1.363820675141009e-07,0.44773015068622884,45,1.7799283757095713e-07
L5,5,MAD (3),0.3,0.013090215146776942,0.00036582698386959986,3.482776680585711e-11,3333,5.503687355813442e-05
L50pct,5,MAD (3),0.7,0.0129240152828838,1.4354497674694835e-06,1.0303401751816777e-10,3213,2.2138307114869072e-07
L10,5,IQR (1.5x),0.5,0.011893951493295848,4.056774833431528e-05,5.347659549054982e-10,3224,6.514136169770933e-06
L10,5,MAD (3),0.7,0.011829207471764759,4.09738249323787e-06,3.681128129234151e-10,3303,6.518113634142393e-07
L10,5,IQR (1.5x),0.7,0.011615155672440647,4.3434304295119035e-06,6.39169982658266e-10,3272,7.006635329531449e-07
L3,1,MAD (3),1.0,0.01120418621818206,7.57842464901296e-07,4.66497773867476e-42,16391,5.5611660090162197e-08
L10,5,MAD (3),0.5,0.010977631846111547,3.755539135339065e-05,2.3105801683757707e-09,3236,6.268317848950031e-06
L5,5,IQR (1.5x),0.3,0.010893515835851915,0.00034662408801646415,1.7553089081846224e-09,3310,5.742664961594621e-05
L20,10,Abs (200k),1.0,0.010331034894100305,8.134705204657042e-08,0.00014710741560498573,1390,2.1370768880141283e-08
L20,5,IQR (1.5x),0.3,0.009991654961407746,0.0001620610190717545,3.5484314034491125e-08,3028,2.9325458921592505e-05
L2,1,MAD (3),0.7,0.009613918963677985,1.7430978141612433e-05,4.950481246405012e-37,16735,1.367687533248486e-06
ALL,20,Abs (200k),1.0,0.00925507037320287,4.633994132526418e-08,0.09085306790954384,310,2.731940194190255e-08
L50pct,90,Abs (100k),1.0,0.00923070687826424,-1.0709785186898412e-07,0.6135282511312116,30,2.096865302178657e-07
ALL,30,Abs (200k),1.0,0.00917445194000978,5.5586116171407125e-08,0.19102099127486483,188,4.235633667803148e-08
L20,5,IQR (1.5x),0.5,0.00834460303290606,1.4303213375141612e-05,3.648111522698813e-07,3090,2.8059021437910923e-06
L50pct,5,IQR (1.5x),0.5,0.007947640273555257,9.739957383118004e-06,6.320541208247284e-07,3112,1.9513045554942496e-06
L20,1,Abs (100k),1.0,0.007859065263204143,8.500388666496685e-08,1.350928995743885e-30,16758,7.378275107886801e-09
L3,1,IQR (1.5x),1.0,0.007574514063705028,6.628246088915864e-07,2.580383209430512e-28,16019,5.994867692551311e-08
L2,1,IQR (1.5x),0.7,0.007519631050003236,1.6426618567168114e-05,1.1446750505165325e-28,16350,1.4759734813200812e-06
L50pct,5,MAD (3),0.3,0.007457492098821825,7.015265512427155e-05,1.6335186257635257e-06,3073,1.4604354333637063e-05
L50pct,5,MAD (3),0.5,0.0071812340746211884,8.175326830661961e-06,1.866549010512001e-06,3156,1.7116293564583348e-06
L50pct,5,Abs (100k),1.0,0.006778327096686662,7.419087378983226e-08,8.287773173699607e-06,2924,1.6613923747396284e-08
L50pct,1,Abs (200k),1.0,0.006323248998753155,4.233364179696381e-08,1.8797391209002798e-25,17140,4.05375954158095e-09
L20,5,MAD (3),0.3,0.005831292551783884,0.00011490170090885746,2.4245002771508608e-05,3050,2.7174815600737427e-05
L50pct,5,IQR (1.5x),0.3,0.005781398218127882,6.620259644003763e-05,2.6435297964001474e-05,3048,1.5730211909352215e-05
L20,60,Abs (100k),1.0,0.0051300741218287755,1.5271589569872123e-07,0.5386536414431081,76,2.4722347985634113e-07
ALL,20,Abs (100k),1.0,0.004793491076281305,-3.139002366969822e-08,0.24820209438977975,280,2.712688257797896e-08
L20,5,MAD (3),0.5,0.004393854541076533,9.902169761405545e-06,0.00021884165863023363,3105,2.6758417548392795e-06
L10,60,Abs (200k),1.0,0.004270069247936367,7.265586761073301e-08,0.4430399276706069,140,9.444619628737131e-08
ALL,15,Abs (200k),1.0,0.0040517166231866875,-5.802957794309824e-08,0.14297133425130454,531,3.955673500752131e-08
L20,10,Abs (100k),1.0,0.004046526068209452,6.631511685619122e-08,0.025088949793802485,1240,2.9568586982093286e-08
L50pct,45,Abs (200k),1.0,0.003926087990082583,-4.742071082493846e-08,0.45245015532927396,146,6.2943745484949e-08
L2,1,MAD (3),0.5,0.003263071730713256,6.691042970050117e-05,2.1120815850067662e-13,16493,9.106411831464776e-06
L20,15,Abs (100k),1.0,0.0031963811707017655,4.338220658005766e-08,0.1293507541726555,721,2.8570820590144964e-08
L20,5,Abs (100k),1.0,0.0030037292480241634,5.301898635478532e-08,0.0024471762978184584,3054,1.7484593143797653e-08
L10,90,Abs (100k),1.0,0.002895525080290393,-1.2372973883406356e-07,0.7076411355947084,51,3.2800670640887016e-07
L10,60,Abs (100k),1.0,0.002858872396288666,9.29944986192937e-08,0.5720741574492233,114,1.6410778165930276e-07
L50pct,15,Abs (100k),1.0,0.002469185408426393,-5.3444711687446167e-08,0.19960315660403782,668,4.162496997114498e-08
L50pct,90,Abs (200k),1.0,0.0023590318867062086,6.095937911680699e-08,0.7513687358106749,45,1.9117299283872777e-07
L5,1,MAD (3),1.0,0.0022024811342236748,2.0203549946762212e-07,2.0708497604886494e-09,16287,3.3697595709036287e-08
ALL,10,Abs (100k),1.0,0.002155920943608129,-3.1426841157968845e-08,0.1777702733685183,844,2.3300197986233657e-08
L2,1,IQR (1.5x),0.5,0.0021377679859039926,5.881558723253946e-05,4.204663252679135e-09,16136,1.0004063031477078e-05
L3,1,MAD (3),0.7,0.0020761313473615017,5.668738712411362e-06,4.948209169663935e-09,16463,9.686784192912854e-07
L3,1,IQR (1.5x),0.7,0.0014765632793175543,5.014416278220737e-06,1.0067902062224182e-06,16187,1.0249841090225916e-06
L2,1,MAD (3),0.3,0.001372574781756816,0.0002770961606606316,2.739742270697698e-06,16013,5.906837405239645e-05
L5,1,IQR (1.5x),1.0,0.0012085722166083693,1.512412139987416e-07,1.0666673986249348e-05,16035,3.433711939044765e-08
L3,1,IQR (1.5x),0.5,0.0010316314022075378,2.9555400106563828e-05,4.583107744681646e-05,16098,7.249222890052098e-06
ALL,1,Abs (200k),1.0,0.0010118376022175395,1.67665915119849e-08,7.28846896132952e-05,15545,4.225733688970723e-09
L20,45,Abs (200k),1.0,0.0009610732998902891,-2.197676349289372e-08,0.6971605227326613,160,5.637001367781626e-08
ALL,30,Abs (100k),1.0,0.0009407429479184304,2.9964145403587376e-08,0.707578087743354,152,7.972901610874379e-08
L3,1,MAD (3),0.5,0.0009018629771647282,2.6353121304399658e-05,0.00012287436495359466,16348,6.860568563553812e-06
ALL,5,Abs (200k),1.0,0.0008753606624293237,1.7251506079660556e-08,0.13689069194489364,2529,1.1594198090542788e-08
L2,1,IQR (1.5x),0.3,0.0008156064524282278,0.00022655143795829056,0.0003440503520684204,15707,6.327473679367496e-05
L50pct,10,Abs (200k),1.0,0.0007760585667776247,2.7761074939547117e-08,0.3112926657678881,1323,2.74074756272881e-08
ALL,1,Abs (100k),1.0,0.0007174862374105809,2.2104689874835396e-08,0.0009758997481913238,15151,6.702391617221064e-09
ALL,1,MAD (3),0.7,0.0007166454487463156,1.055047729885681e-06,0.0013271367428352768,14376,3.2860596311264177e-07
L50pct,1,Abs (100k),1.0,0.0007082821933613343,2.2433265312699224e-08,0.0006608644274779346,16369,6.586442938670607e-09
L50pct,10,Abs (100k),1.0,0.0006919200651984843,-3.0347537825305655e-08,0.37094911411944376,1159,3.3906153113571883e-08
ALL,1,MAD (3),0.3,0.0005902798255716784,6.260323928308523e-05,0.003378633037870766,14552,2.135542029809685e-05
ALL,1,IQR (1.5x),0.3,0.0005483650124176846,6.348794795097318e-05,0.004901704807973869,14433,2.2562597676982116e-05
L50pct,1,MAD (3),1.0,0.0005431055178952373,4.0558110495611604e-08,0.004268509249690553,15034,1.4190877693215445e-08
L20,20,Abs (100k),1.0,0.0005244455931937863,-2.6040514612870307e-08,0.6215686152492413,467,5.271800343284397e-08
L5,1,MAD (3),0.7,0.00050503363954071,1.8065822907612574e-06,0.0040955748271540625,16316,6.292274666906496e-07
L50pct,1,IQR (1.5x),0.7,0.0004955671203181768,9.161438615692718e-07,0.006348986271085294,15029,3.356360899048316e-07
L50pct,1,IQR (1.5x),1.0,0.0004947328221022885,4.0674564788221185e-08,0.006606127643263021,14910,1.49733992372594e-08
L50pct,1,MAD (3),0.3,0.00044727808503122805,5.6925616800185466e-05,0.009045643133415052,15233,2.180507471146036e-05
L50pct,20,Abs (100k),1.0,0.00042316679406459966,-1.1011582539549784e-08,0.6731154673539739,423,2.6083207179294027e-08
ALL,1,IQR (1.5x),1.0,0.0004014202473108591,2.950323718468576e-08,0.017259481848789195,14124,1.2388956990177181e-08
L10,1,IQR (1.5x),1.0,0.00039436366179726587,5.6554785601992966e-08,0.01285766612961874,15692,2.2731274756947064e-08
L10,1,MAD (3),1.0,0.00038978940538260653,5.425709986753019e-08,0.01281568799639651,15891,2.1797597063898083e-08
L50pct,1,IQR (1.5x),0.5,0.00033729306811474476,7.480525364718024e-06,0.024020646046970906,15100,3.3143275494484926e-06
L10,1,MAD (3),0.3,0.0003354182167431394,7.44754681638464e-05,0.02123125169972076,15824,3.2323351252412974e-05
ALL,1,IQR (1.5x),0.7,0.00027222460488953115,6.54743480503748e-07,0.04861559168095003,14285,3.3200043724446017e-07
L20,1,IQR (1.5x),1.0,0.0002508940705576917,3.454893206619742e-08,0.05121752618971885,15151,1.7719152998576598e-08
L50pct,15,Abs (200k),1.0,0.00023698076597482754,-1.3910404454431917e-08,0.6677253151039111,780,3.2392311773354064e-08
L5,1,IQR (1.5x),0.7,0.00022757334364586587,1.278792308899154e-06,0.055721430834998975,16085,6.683537157080969e-07
L50pct,1,MAD (3),0.5,0.00022341826107578926,5.723274445129532e-06,0.06494869839065853,15247,3.1007946341839407e-06
ALL,1,MAD (3),1.0,0.00019455210702851194,1.9729735369179687e-08,0.09644336522843312,14205,1.1867821258695194e-08
L20,1,IQR (1.5x),0.7,0.0001896958374649689,6.476426474841489e-07,0.08875364124115459,15272,3.8049225803599543e-07
L10,1,IQR (1.5x),0.3,0.00018097766020805058,5.836513370762711e-05,0.09262659752829337,15628,3.470386041722953e-05
L10,1,MAD (3),0.7,0.0001662635278320849,7.359172180297736e-07,0.10315783455228852,15976,4.515309474524711e-07
L50pct,1,IQR (1.5x),0.3,0.0001651935482195114,3.621247976351915e-05,0.11427728475538712,15099,2.2928757594983785e-05
L50pct,20,Abs (200k),1.0,0.0001403714163571875,5.896390209782932e-09,0.7903463582882849,506,2.2166704090748153e-08
L20,1,MAD (3),1.0,0.00011464403615538094,2.188826668995862e-08,0.1853194176335474,15305,1.6524276472878564e-08
L5,1,MAD (3),0.3,0.00011135208760836066,5.039281842832112e-05,0.1818889288281408,16006,3.774687600459276e-05
L20,1,MAD (3),0.5,9.151785158813344e-05,3.599790919727111e-06,0.23420176527444755,15465,3.0259212221184184e-06
L5,1,IQR (1.5x),0.3,8.974353455243954e-05,4.840223357726095e-05,0.23413832953810682,15775,4.0680583906408756e-05
L20,1,IQR (1.5x),0.5,6.78634641947471e-05,3.2787571446493484e-06,0.3081510792531318,15306,3.2171700871514523e-06
L20,45,Abs (100k),1.0,6.707592027890632e-05,9.663175090908681e-09,0.9260291980909043,131,1.0387884395892285e-07
ALL,1,MAD (3),0.5,5.973241553683501e-05,2.538915786507065e-06,0.3519829914650269,14505,2.7277298892351084e-06
L10,1,IQR (1.5x),0.7,5.662651609372643e-05,4.3949605811753856e-07,0.34445233684823673,15786,4.648621966037892e-07
L50pct,1,MAD (3),0.7,5.0923492744378076e-05,3.1451069667982034e-07,0.3795222136630082,15167,3.578854673926826e-07
L10,1,MAD (3),0.5,3.983941723649767e-05,-3.2379917894470427e-06,0.4252394216459604,15961,4.06076414816383e-06
L20,1,MAD (3),0.7,2.6230213603428346e-05,2.29256750651271e-07,0.5249013540755347,15414,3.605670386212512e-07
L20,1,IQR (1.5x),0.3,2.532029200803854e-05,1.5483028918299593e-05,0.5338068440551516,15292,2.4883549434057708e-05
ALL,5,Abs (100k),1.0,2.343109209318299e-05,4.092627341412688e-09,0.8136440750685399,2374,1.7359751552832492e-08
L10,1,IQR (1.5x),0.5,9.113491571342744e-06,-1.6474768287920234e-06,0.7049896970988349,15730,4.351491983195252e-06
L3,1,MAD (3),0.3,8.053986271080431e-06,-1.7706298386590802e-05,0.7191304297051844,16060,4.9235104098897395e-05
L5,1,MAD (3),0.5,6.342776363969789e-06,1.5306198091734763e-06,0.7483666116173681,16227,4.771268973779138e-06
L5,1,IQR (1.5x),0.5,6.05126802130104e-06,-1.54477926874802e-06,0.7555422415701876,16021,4.9616282685647115e-06
L50pct,45,Abs (100k),1.0,4.314261996326565e-06,2.3687324253268864e-09,0.9823453796433584,116,1.0680937773706445e-07
ALL,1,IQR (1.5x),0.5,2.2519423584494184e-06,5.12838580267634e-07,0.8570448825382396,14412,2.8468827100738663e-06
L3,1,IQR (1.5x),0.3,2.0709307202266635e-06,9.642813772647057e-06,0.8564571473219607,15802,5.330795237944522e-05
L20,1,MAD (3),0.3,7.244282793252516e-09,-2.506519618466191e-07,0.9915615954234761,15443,2.369930975978487e-05
